5944,9295,Ngo5giu3zou6,我叫做
13364,15774,Jat1gau2ng5sei3lin4ceot1sai3,一九五四年出世
20801,22086,Ng5saap6ng5lo3,五十五咯
27436,29626,Jyun4bun2gaa1ting4teng4ji4gaa1ah3,原本家庭定宜家吖
31263,32804,Ji4gaa1Jau5,宜家有
35060,36073,giu3zou6,叫做
37747,38231,luk6,六
40478,41331,luk6go3lo3,六個咯
44027,45925,Ngo5la3ngo5zoeng6fu1la3,我喇我丈夫喇
46160,47910,ngo5saam1go3haai4zi2la3,我三個孩子喇
48439,50274,Jyun4hau6ngo5go3,然後我個
51006,51874,laai5laai2la3,奶奶喇
56070,59289,Ngo5jin4san1gaa1ting4le3zau6,我原生家庭呢就
60006,62833,jau5ah3sei3hing1tai6zi2mui6la3,有啊四兄弟姊妹喇
63373,65128,ngo5baa4baa1maa4maa1la3,我爸爸媽媽喇
66153,70521,ngo5m4zau6m4hai6ngo5baa4baa1maa4maa1daai3daai6go3wo3,啊我就唔係我爸爸媽媽帶大個喔
70859,72378,Ngo5kau5fu2kam5mou5,我舅父妗母
72828,75335,daai3daai3daai6ngo5so2ji3zau6,帶帶大我所以就
75828,77686,bin3zo2hou2zi3hai6,變咗好似係
78371,82342,saam1go3jan4gam2lo3Ze1hai6ngo5m4hai6tung4go2di1hing1tai6zi2mui6jat1cai4daai6lo3,三個人咁咯啫係我唔係同果啲兄弟姊妹一起大咯
87658,91741,Ngo5hai6zeng3cung1gaan1ge3Ngo5jau5go2go3gaa1ze1jau5sai3lou2jau5mui2,我系正中間嘅我有哥哥有家姐有細佬有妹
95335,96130,Hoeng1Gong2,香港
100497,102532,Hoeng1Gong2ge3,香港嘅
104000,106350,di1daai6haa6lo3,嗯啲大廈咯
107302,108743,go2di1,果啲
113958,115306,Ngo5ji4man4hai6,我移民係
116525,120601,kei4sat6dai4jat1zi3lei4duk6syu1hai6jat1gau2cat1ng5lin4,其實第一次嚟讀書係一九七五年
120915,126817,Daan6hai6cat1baat3lin4zi1hau6ngo5zau6faan1faan1Hoeng1Gong2Jau6baat3lin4zeoi5ji4man4go3lei4jat1zik6dou3ji4gaa1la3,但係七八年之後我就翻返香港然後八零年再移民嚟一直到宜家喇
132595,136236,jan1wai6ngo5dei6hai6li1bin6duk6zyu6syu1,因為我哋系呢邊讀住書
136407,139989,So2ji3faan1Hoeng1Gong2zau6hou2soen2faan1lei4li1dou6zou6gung1,所以返香港之後好想返嚟呢到做工作咯
146015,150930,M4laan4ah3jan1mai6lei4go3Hai2dou6duk6go3syu1ma3,唔難啊因為嚟過系到讀過書啊嘛
154950,158425,Duk6syu1go2zan6si4le3wui6,讀書果時呢好
158594,161703,hau6saang1ah3ma3lin4zing1ma3zau6m4gok3dak1laan4lo3,後生啊嘛年青啊嘛就唔覺得難咯
170161,171510,Bin1zung2gu3si4,邊種故事
177570,180751,dung3lo3co3co3gok3dak1li1dou6hai5hou2dung3,凍咯初初覺得呢到係好凍
181023,183265,Jat1cat1ng5lin4lei4duk6syu1,一七五年嚟讀書
183481,184849,dou1mei5hoi3huk6mai6,都未開學未
185030,186057,beng3zo2lo3,病咗咯
186953,192701,Go2zan6si4siu2siu2zai1loeng3gam2lo3Gam2hau6loi3sik1zo2hou2do1pang4jau5m4hai6gok3dak1hou2caam2ge3,果陣時少少淒涼咁咯咁後來識咗好多朋友唔覺得好慘嘅
207718,209531,Co1si4zau6daai6hok6,初時就係大學
210024,212271,san1lei4go2di1hok6saang3lo3,新嚟果啲學生咯
212788,215396,Hau4loi6zau6sik1dou2,後來就識到
216207,220723,daai6hok6ge3gei1duk1tou4tyun4kai3go2di1,大學嘅基督徒團契果啲
221020,222133,pang4jau5lo3,朋友咯
227260,232218,Dou1hou2do1daai6bou4fan4dou1hai6zung1gok3jan4kei4sat3Jan1wai6san1lei4gon2si4kei4sat3jan1wai6,都好多大部分都中國人啊其實因為新嚟果時其實就係因為
232377,235394,jau5sik1jing3ge3man6tai4le3dou1,有適應嘅問題呢都
235580,239545,syu2jin3se2ge3jing1man2mou5man6tai4daan6hai6gong2ge3jing1man2le3zau6,雖然寫嘅英文冇問題但係講嘅英文咧就
240303,242356,ze1hai6tung4bun2dei6jan4ca1di1la3,啫係同本地人梗係差啲喇
242780,245098,Gam2so2ji3hou2do1si4dou1zip3zuk1dou2di1,咁所以好多時都接觸到啲
245415,247427,Hoeng1Gong2lei4ge3zung1gok3jan4lo3,香港嚟嘅中國人喇
248195,251519,sai1jan4pang4jau5dou1dou1jau5ge3baat1gwo3m4syun3do1lo3,啊西人朋友都都有嘅不過唔算多咯
251761,255253,Ha6dou1bei5gaau3kei4sat3hai6jap6zak6di1lo3go3hyun1zi3,哈都比較其實係狹窄啲咯個圈子
260495,263241,lei4gong2go2zan6si4,你講果陣時
263605,267326,dou1hai6hok6saang3lo3ah6so2jau3dou1hai6hok6saang3lei4ha6,主要都係學生咯哈所有都係學生嚟哈
276591,279652,hai6wui6heoi3heoi3waa6ze2hai6wui6zyu2ah3zyu2,係會去去嘎真係會煮啊煮
279807,281748,zyu2sung3sik6ah3,煮餸食啊
281913,284968,Guk6daan6gou1ah3bou1bou1tong4seoi2ah3,焗蛋糕啊煲煲糖水啊
286371,289693,Gam2jau5si4heoi3haan4gai3ah3gam2,咁有時去行街啊同啊
289933,291865,haan4gai1ah3gam2lo3,行街啊咁咯
292546,297074,Gam2hau4loi6ngo5soen3zo2je4sou1zi1hau6gam2hou2do1si4dou1hai5gaau3wui2dou1jau5,咁後來我信咗耶穌之後咁好多時都系教會有
297261,299034,jat1di1ge3,一啲嘅
299196,302448,ge3ah3Ze1hai6go2di1gam2lo3,嘅啊啫係果啲咁咯
311726,313657,Gu3si4,故事啊
317578,320691,Dou1jau5di1dak6bit6ga3Jau5jat1zi3,都有啲特別㗎有一次
320874,326136,jan1wai6ngo5tung4ngo5Jan1wai6ngo5dei6duk6ge3ha2se5wui2hok6,因為我同我因為我係讀嘅下社會學
326708,328155,Gam2jau6heoi3,咁啊有去
328317,332132,di1se5gung1uk1kei5fong2man4ha3keoi5dei6gam2lo3,啲社工屋企訪問下佢哋咁咯
332726,336426,Gam2jau5zi3tung4mai6leng4ngoi5go2go3tung4hok6heoi3Keoi5dou1hai6duk6lo3,咁有一次同埋另外一個同學去佢都係讀咯
337236,338165,Gam2zau6,咁就
338716,341342,je6maan5hou2je6la3jan1mai6jiu3heong2,夜晚好夜喇因為要響
341700,344896,hou2zi3heoi3dou3go2tau4Jin4hau4faan1faan1heoi3,好似去到果頭然後翻返去
345157,349040,daai6hok6lo3Gam2seng4saap6dim2gei2saap6jat1dim2ha6,大學咯咁成十點幾十一點哈
349282,354094,Gam2zau6heoi3dou3dei6tit3zaam6go2zan4si4le3,咁就去到地鐵站果陣時呢
355230,357306,zau6mou5me1jan4ga3la3ji5ging3,就冇咩人㗎喇已經
357693,360117,Daan6hai6ngo5lau4ji3dou1jau5go3laam4zai2zau6,但係我留意到有個男仔就
362845,364332,gam2la3ha2,咁喇哈
365569,368804,keoi5jau6m4hai6heoi3dang2m4hai6kei2mai3go3baa1si2zaam6dang2ce1Keoi5hai6kei2go3,佢又唔係去等唔係企埋個巴士站等車佢係企系個
368978,372013,din6waa2teng2go2dou6M4zi1keoi5dang2mat1la3,電話亭果到唔知佢等乜喇
372252,374032,Daan6hai6dou3ngo5dei6soeng2ce1go2zan6si4keoi5jau6,但係到我哋上車果陣時佢又
374130,375527,zau2mai3soeng2ce1wo3,上走埋上車喎
376017,380803,Gam2go2jat1ga3ce1le3zau6heoi3hou2siu2jan4ge3je6la3,咁果架車呢就去好少人嘅因為夜喇
381119,383799,Gam2m4zi1dak1ngo5dei6saam3go3jan4za3,咁唔知得我哋三個人㗎咋
383978,385734,Ngo5tung5ngo5tung5hok6tung4mai6go2go3laam4zai2,我同我同學同埋果個男仔
386577,390672,Gam2jat1lou6le3ngo5zau6fat3gok3keoi5hai6dou6hai6dou6hou2zi3tai2bou3zi2gam2ge3seng1zi4zi2sa4sa4gam2,咁一路即刻我就發覺佢一路好似睇報紙咁嘅聲嘅嘶嘶沙沙咁
390975,394810,Ngo5dei6co2hai2cin4bin6keoi5co2hai2hau6bin6gam2ze1hai6keoi5mong3zyu6ngo5dei6la3hai6m4hai6,我哋坐系前面佢坐系我哋後面啫係佢望住我哋喇係唔係
395183,400239,Gam2hau6loi6ngo5dei6ji5gin1go3zo2seng6ji6ah3leen6saa3ah3faan1zung1jan1wai6hou2jyun6le3jau6jiu3,咁後來我哋已經過咗成廿零三分鐘先因為好遠喇由要
400420,402067,heoi3dou3,去到
402307,404311,tung4,同
404492,409072,ah3heoi3dou3dou1gei2jyun6la3,啊去到去到都幾遠啊
410014,411249,Keoi5jau6mou5lok3ce1wo3,佢又冇落車喎
411684,413514,Daan6hai6heoi3dou3zau6kaan4le3,但係去到就近呢
414403,415309,ngo5zau6,我就
415557,417124,zau6lei4dou3hok6haau6ga3dou1,就嚟到學校㗎都
417654,421913,Gam2ngo5zau6ngo5jau5di1le3gok3dak1jau5di1m4hai6gei2to4ah3,咁我就我有啲咧覺得有啲唔係幾妥喇
422799,423661,Gam2,咁
423980,426065,ngo5dei6go3zaam6zau6bun2loi6zau6hai6,我哋個站本來就係
426260,428807,zi1hau6jat1go3zaam6sin1hai6,之後一個站先係
428978,430235,daai6hok6,大學
430538,431494,Daan6hai6le3,但係呢
432072,432864,ngo5zau6,我就
433166,435816,si3bei5ngo5go3pang4jau5go3leoi5zai2pang4jau5,示意俾我果個朋友果個女仔朋友呢
436155,440627,ah3ngo5go2zan4si4dou1leong3loeng2dung3dung2dei2,啊我果陣時都涼涼凍凍哋喇又唔係好大唔係冇落雪嘅
441437,446122,zoek3saam3hei2san1Ze1hai6heoi3hou2zi3lok6ce1gam2ge3joeng2la3,啊著衫起身啫係係好似落車咁嘅樣喇
446596,448678,Gam2go3si1gei1le3ji5wai4ngo5dei6lok6ce1la3,咁果個司機都以為我哋落車喇
448964,450724,Gam2ngo5dei6zau6hai5ce1tau4lok6ce1,咁我哋就系車頭落車
451578,455695,Daan6hai6ngo5dei6mou2zan1hai6lok6heoi3ah3ngo5dei6soeng2lok6ce1gam2ge3joeng2za3Si1gei1teng4zo2go3ce1lok6,但係我哋冇真係落去啊就想落車咁嘅樣咋司機停咗架車吶
455812,457455,gam2go2go3laam4si4le3,咁果個男士咧
457965,461911,Zau6hoeng2zung1gaan1lok6Zung1gaan2go2dou6lok6ce1go3mun4m4hai6daa2hoi3ge3,就響中間落一中間一落車企落去果道門咪打開嘅
462097,465857,Gam2keoi5lok6zo2heoi3lo3Lam2zyu6ngo5dei6lok6ga3ma3Daan6hai6ngo5dei6le3,咁佢落咗去咯咪諗住我哋落嘎了嘛係咪但係我哋咧
466126,469144,lok6zo2heoi3zi1hau6le3Ngo5dei6zik1kaak1mou5lok6ce1,佢落咗去之後咧我哋就即刻冇落車
469329,472475,Gam2si1gei1zau6saan3ce1zau6zau2jan4la3zau6hoi3ce1,咁司機就閂車就走人喇就就開車
472565,474218,Gam2ngo5gin3dou1go2go3laam4jan2le3,咁我見到果個男人咧
475518,479447,dong1heong1sai1mong6gam2ze1hai6gok3dak1Waa3lei5dei6m4hai6lok6ce1ge3gam2,東張西望咁啫係覺得喂點解你哋唔係落車嘅
480115,484801,Gam2hau4loi6ngo5dei6go3zo2jat1go3zaam6la3Seng4go3zaam6,咁後來我哋過咗一個站喇成個站咁個車喇都快冇人喇
484995,486649,keoi5jau5mou5gaan1lei4ngo5m4zi1,佢有冇跟嚟我唔知
486971,491862,Daan6hai6ngo5dei6loeng5go3le3fei1faai3goon4pau2heoi3suk1se5lo3,但我哋兩個咧飛快狂跑返去宿舍咯
492044,496173,Jan1wai6li1go3jan4le3hang4teng4le3jau5m4hai6hou2ge3kei6dou6ah3,因為哩個人咧肯定咧有唔係好嘅企圖啊
496521,497399,Jan1wai6,因為
498042,500619,Keoi5dou1m4hai6jau5muk6dik1dei6Dou1m4zi1dou3keoi5soeng2heoi3bin1,佢都唔係有目的地都唔知佢想去邊
501032,503422,Gam2gaan1zyu6no5dei6soeng5ce1no5dei6hou2ho2ji3,咁跟住我哋上車已經好可疑
504005,507079,Daan6hai6ji4go3dei6m4zou2di1sing2mok6di1le3,但係如果我哋唔早啲醒目啲咧
507874,509008,lam2,響
509301,514539,lok6ce1go2dou6jau6jat1cai4lok6le3gam2ngo5lam2dei6dou1jau5di1ma4fan4lo3Gam2jau5me1si4faat3sang3ah3,落車果度又一起落咧咁我諗我哋都會有啲麻煩咯唔知有咩事發生
515211,517114,hou2zing6ga3go2si4,好靜嘎果陣時
517500,521206,Jau5dau2heoi3dou3go3bin1bin1me1ah3,大學去到嘅邊邊嚟噶
521430,522192,Za1wai6,周圍
522389,523695,bat1bin6dou1hai6di1,北面都係啲
523911,526487,long6dei6le3le3lei5mou5jan4ga3jei4saat3,農地咧咧嚟冇人嘅其實
526840,528562,Saap6dim2gei2saap6jat1dim2gam1bun2zau6mou5jan4,到十點幾十一點根本就冇人
529166,530552,Gam2ah3zau6hou2ngai4jim2lo3,咁咪就好危險咯
530991,535587,Daan6hai6go2zi3hou2zi3jau5di1le3gok3dak1m4to2zau6jiu3,但係果次好似有啲咧覺得唔妥就要
535823,537536,Gam2ngo5so2ji3,咁我所以
537834,540980,zaa3dai3lok6ce1Ngaak1zo2go2go3jan2lok6ce1kei4saat3zau6,詐諦落車呃咗果個人落車其實就
541378,546297,gam2li1go3ngo5dei6zau6le3ngo5jat1sai1dou1gei3dak1hai6hou2laan4mong6ge3jat1go3,咁哩個其實咧我一世都記得咧係好難忘嘅一個
546563,547590,ging1lik6lo3,經歷咯
547889,548301,Ha6,哈
554499,561031,Ngo5jat1zik6dou1mou5heoi3go3dai4ji4go3seng4si2zyu6ngo5gok3dak1hai6Ngo5hou2zung1ji3li1dou6la3Yu1jin4le3heoi3dou3dai4dou6,我一直都冇去過第個城市住我覺得係我好鍾意呢度喇雖然有去過第度
561391,565342,ze1hai6zou6jau4haak3ah3taam3mong3ah3gam2jau5di1dei6fong1dou1hou2ling3ge2,啫係做遊客啊探望啊咁有啲地方都好靚嘅
565536,567694,bun2san1jau5hou2do1ling3ge3dei6fong1,本身都有好多靚嘅地方
569342,571437,ngo5dou1gok3dak1dai4zi3soeng3,我都覺得大致上
572056,574947,Do1Loen4Do1jan4dou1syun3hai6,多倫多人都算係
575252,577932,dou1syun3hai6jau5syun3ga3la3m4jai6hou2caa1ga3,都算係友善㗎喇唔係好差㗎喇
579368,581293,Dong1jin4daai6sing4si5m4ho2ji3,大城市又唔可以
581904,583777,kei4mong3go3gou1la3ha6,期望過高喇哈
584015,586646,Jan1wai6dou1m4tung4zung2zuk6ge3jan4hai2dou6,因為都唔同種族嘅人系度
586909,589387,Jau5di1jan4dou1m4wui6lyun6gam2bong1lei5gong2je5ga3,有啲人都唔會亂咁幫你講嘢嘅
589688,592175,Keoi5jau5m4ha6sai3ge3zai2ha6,佢又唔係細嘅仔哈
592759,598116,Daai6daai6zi3soeng3ngo5hai6dou6di1ngo5hai6dou6saang3mai6zi2ngo5hai2dou6daai6ngo5m4,但但係大致上我系到啲我系到生孩子個個都系到大我唔
598405,600294,ze1hai6ngo5m4gok3dak1li1go3sing4si5hai6,啫係我唔覺得呢到城市係
600526,602693,hou2ah3gam2lo3ha6,好啊咁咯哈
602893,605676,Jan1wai6ngo5zi1jau5di1jau6gaan3ngo5dei6jau6jau5,因為我知有啲更過我哋又有
605931,608393,Jau5di1gaan3,有啲更
608702,609547,ze1hai6,啫係
609737,614450,wan3lyun3go3li1go3sing4si5ting1man4di1Mei5Gok3di1daai6sing4si5jau5di1dou1hai6hou2laau3gaau3,混亂過呢個城市有啲係聽聞美國有啲大城市都係好撈攪
615023,617808,Dong1jin4jau5si4tai2bou3zi2tai2dou2li1dou6hai6,當然有時睇報紙都睇到呢到係
617980,620351,hou2do1zeoi6ngon3ah3hou2di1si4daan6hai6dou1,好多罪案啊好多事但係都
621179,626451,hai2gei2baat3man3jat1go3sing4si5dong1zung1le3ji5ging1m4syun3gok3dak1taai3ca1lo3ha6,系幾百萬人一個嘅城市當中咧已經唔算覺得太差喇哈
626899,628557,Gam2,咁
628822,632205,zung1gok3jan4jyut4lei4juyt4do1la3li1dou6Ca1m4do1hai6zyun3,中國人越來越多喇呢到參唔多係佔
634164,637531,ge3ji4gaa1bin3zo2,嘅宜家變咗
637769,638639,dai4jat1dim1,第一添
639027,641414,Bun2loi3za6m4hai6ah3ji4gaa1bin3zo2dai4jat1gam2,本來就唔係宜家變咗第一咁
641570,643203,Zau1wai4dou1hou2zi3zung1gok3jan4gam2,周圍都好似碰到中國人咁
643481,649655,Ze1hai6ngo5ngo5paa3paa3zo2taai3do1zung1gok3jan4Ngo5gok3dak1ji4gaa1taai3do1zung1gok3jan4le3hai6laau3gau3zo2di1,啫係我我怕怕咗太多中國人我覺得宜家太多中國人咧係撈攪咗啲
649952,654104,Jan1wai6bun2dei6ge3sai1jan4jau5hou2do1ge3jau1dim2ge3,因為本地西人有好多嘅優點嘅
654793,657705,tung1ziu3jan1wai6keoi5dei6daai3zo2hou2do1zung1gok3ge3,仲似乎中國人就帶咗好多啲中國嘅
658006,659623,Zeoi3m4hou2ge3je5lei4,最唔好嘅嘢嚟
660172,662554,Kei4saat3keoi5ho2ji3daai3zung1gok3hou2do1hou2ge3je5lei4,其實佢可以帶中國好多好好嘅嘢嚟
662834,666948,hou2ah3zau6deoi3li1go3se5wui2le3kei4saat3jau5jat1di1m4hou2ge3fu2min2ge3jing2hoeng2,佢宜家就對呢個社會咧其實有一啲唔好嘅影負面嘅影響
667215,669898,Ze1ha6hai2zung1gok3gam2jau5di1jan4wui6mou5gam2,啫係好似系中國咁有啲人會亂咁
670053,673262,kei4saat3dou1m4zi2zung1gok3Ngo5gin3dai4ji4di1man4zuk6dou1jau5M4hai6zing6hai6zung1gok3,其實都唔止中國我見第啲民族都有唔係淨係淨係中國
673576,677019,zoei3dei6lyun6gam3tou3taam5la3Keoi5dei6jat1di1dou1m4gok3dak1jyuk6syun1ge3,亂隨地亂咁吐痰喇佢哋一啲都唔覺得肉酸嘅
677602,684355,Gam2jau5di1jan4jau6di1sai3lou3hai6go2dou6gai3bin3jau6zau1wai6heoi3siu2bin6ge3Gam2ah3jau6hou2zau2gwaai3lo3Ze1hai6Hoeng1Gong2za6mou5jan4gam2zou6ge3,咁又有啲人有啲細路系街邊又周圍去小便嘅都有好醜怪嘅啫香港就冇人咁做嘅
684597,685967,Daan6hai6jan1wai6ho2lang4ze1hai6,但係因為可能啫
686176,687116,zung1gok3daai6lok6ge3,中國大陸嘅
687365,690441,gaau3juk6ah3go2fong1min6Daai6sing4si5wa4ze2sou1mou5ga3ngo5m4zi1,教育啊各方面啫大城市或者都冇㗎我唔知
690601,693034,gp2di1jan4waa4waa4ze2siu2zan3lei4keoi5dei6zan1hai6,果啲人或者小小鎮嚟佢哋真係
693591,695248,zeoi3ting6dou1dak1ga3gam2joeng2ha6,隨地都得嘅咁樣哈
695417,699024,Gam2li1di1ngo5gin3dou2zau6hou2gok3dak1hou2m4syu1fuk6lo3ha6,咁呢啲我見到就好覺得好唔舒服咯哈
699369,700335,Gam2dou1,咁都
700510,704725,gaan2hai6jiu3si4gaan3gau3juk6lo3Jan1wai6keoi5dei6di1haai5zi2hai6dou6heoi3faan1hok6,都係要時間教育咯因為佢哋啲孩子都系到去返學
704892,706994,Ngo5lam2keoi5dou1hok6dou2le3mou5jan4zou6gam2ge3je5ga3,我諗佢哋都會學到咧冇人做啲咁嘅嘢嘅
707278,709303,Daan6hai6keoi5dei6jiu3zyun3tau6gaau3faan3di1fu6mou5,但係佢哋要轉頭教返佢啲父母
709664,712508,Daan6hai6jau5di1jau5di1hou2sai3Keoi5m4zi1dou3gam2joeng3m4ngaam3ah3,但係有啲有啲好細㗎佢唔知原來咁係唔剛
712902,718905,Gam2daai6zi3soeng3li1go3sing4si5hai5ngo5hei2ngoi3lo3So2ji3ngo5mou2lam2go3bun1heoi3dai4ji4dou6,咁大致上呢個城市係我我喜愛咯所以我冇諗過搬去第度
719117,719498,Ha6,哈
719716,721039,Gam2,咁
721463,722435,tung4mai6,同埋
723119,725031,zi4zung6ngo5,自從我
725303,728647,saan1jyun6haai6zi2zi1hau6ngo5dou1mou5zou6gung1jin4hau6hau6loi6,生完孩子之後我都冇做工然後
728796,730423,dou3zeoi3sai3go3haai6zi2,到我最細嘅孩子
731601,734066,zeoi3go2zan4si4hai6jat1gau2baat3baat3lin4lo3,歲兩果時果陣時係年我
734471,737415,jaap6zo2zing3fu2sang2zing3fu2zou6gung1dou3ji4gaa1mou5,入咗政府省政府做工到宜家我冇
737719,740717,gam2ngo5dou1mei5si3go3zan1zing3saap1jip3la3,咁啫係我都未試過真正失業喇咁
740964,745926,gam2li3go3sing4si5dou1m4hai6hou2ca1Ze1hai6jyu4gwo2ngo5mou5gung1zou6ho2lang4caam2di1la3,咁哩個城市都唔係好差啫係如果我冇工做咁可能慘啲喇
746218,746647,Ha6,哈
746858,748497,Gam2jik6dou1,咁亦都
748704,752438,hou2do1jan4dou1gaau3jat1di1kau3zai3ah3gam2joeng2,有好多人都靠一啲救濟啊咁樣
752725,755288,daan6hai6ze1hai6ngo5hai6zing3fu2leoi3bin3zou6gok3dak1dou1,但係啫係我系政府入面做都覺得都
755487,758603,keoi5dei6dou1zoen6zou6zo2zing3fu2ge3zaak3jam6lo3,覺得都盡咗去做政府嘅責任咯需要
758873,760028,jiu3,要
760220,761440,zou6ge3zau6jiu3zou6,做嘅就要做
761751,763137,gam2,咁
763372,768126,Dou1hai6jat1go3jau5jau5ngoi3ge3jau5zing4ge3jat1go3sing4si5M4hai6waa6jat1go3hou2,都係一個有有愛嘅有情嘅一個城市唔係話一個好
768793,770326,hou2laan6ge3hou2,好冷嘅好
771833,776979,ze1hai6me1dou3m4wui6lei2ge3di1zing3fu2ge3jat1go3sing4si5lo3Gam2ngo5dou1,啫係咩都唔會理嘅啲政府嘅一個城市咯咁我都
777644,780710,li1go3dei6fong1ah3lo3jan1mai6,哩個地方咯因為
780955,782516,ngo5,我
782778,785015,gam2sau4gaan2hou2do1ge3zi6jau4,感受緊好多嘅自由啊
785978,788134,Gam2jau5zung1gaau3zi6jau4,咁有宗教自由
788455,789855,jau5hang4dong6zi6jau4,有行動自由
790146,795967,ngo5m4wui6gok3dak1ngo5sit6siu2bei2jan4hai6dou6gaam3si4zyu6,我又唔會覺得我時時會俾人系到監監視住咯好似
796274,798390,li1di1hai6jan4san1zi6jau4hai6hou2zung4jiu3lo3,哩啲係人身自由係好重要咯
798592,799114,Ha6,哈
799286,802308,Hou2do1dei6fong1m4hai6jat1ting4dak1dou2ha6,好多第啲地方唔係一定得到哈
802474,806139,Syu3jin6hai6jyun6bun2lei4ge3Hoeng1Gong2dei6fong1dou1hai6jat1go3hou2zi6jau4ge3dei6fong1,雖然係原本嚟嘅香港地方都係一個好自由嘅地方
806298,808263,Ha6go2dou6le3jau6taai3do1jan4la3,哈果度呢又實情太多人喇
808578,812641,Hoeng1Gong2bun2san3jau5zeoi3daai1li3go3sing4si5daai3joek3,香港本身有住得人呢到啲城市大約
812934,814460,jau5saam3bui3,有三倍
814688,816279,gam3do1jan4gam2ngo5,咁多人咁我
816621,819862,ngo5paa3zo2taai3do1gam2jau6m4hai6gei2hou2la3,我又怕咗太多咁唔係幾好喇哈
820057,821968,Ze1hai6li1dou6ngo5jau6hou2do1ge3,呢到我有好多嘅
822137,824516,hung1gaan3ah3bei3jyu4fong3gaa3ho2ji3heoi3jat1di1hou2,空間啊譬如放假可以去一啲好
824721,828424,hou2ling3ge3go2di1,好靚嘅果啲
828732,830505,gung1jyun2ah2daang2daang2,公園啊湖濱果啲
831119,833044,M4wui6gok3dak1bik1go3lo3ha6,唔會覺得逼個咯哈
833255,835244,Ze1hai6zung4jau5hou2do1dei6fong1ngo5dou1mei5heoi3go3ha6,啫係仲有好多地方好都未去過哈
835457,840218,tiu3jyu2ge3dei6fong1paa6teng2ge3dei6fong1hou2do1hou2do1Ha6gam2,釣魚嘅地方大把爬艇嘅地方好多好多哈咁
840430,843159,zou6ngo5gok3dak1,做我覺得
843606,845356,zing2gaai2lei4gong2le3ngo5,整體嚟講咧我
845579,847194,deoi3Do1Loen4Do1bun2san1,對多倫多本身
847427,849493,waa6ze2on1daai6lou6saang2le3,或者安大略省咧
849758,851612,ngo5dou1gok3dak1hai6,我都覺得係
851832,853449,bat1gwo3ho2ji3ngon1lok6,一個可以安樂
854501,855656,zyu6go3dei6fong1,嘅居住嘅地方
859982,862371,Ngo5zy6li1keoi1le3dou1zyu6zo2jat1,我住哩去咧都住到一
862603,865270,jau5saap6gei2lin4jau6jat1gau2gau2jat1lin4hoi3zi2,由十幾年由年開始
865522,867846,Li1dou6hai6la3jan1wai6li1dou6hou2kan5,呢到係喇呢到好近
868078,871421,jat1di1ah3jau6jat1di1ge3dou1gei2,一啲啊有一啲嘅都幾
871707,873237,ceot1ming2ge3siu2hok6ge3,出名嘅小學嘅
873607,876914,Gam2di1jan4dou1si1si1man6man6jan1wai6,咁啲人都斯斯文文因為
878569,880714,loen4keoi1gaat3lei4zo2jau6dou1,鄰居隔離左右咧都
881759,885056,dou1zyu6zo2hou2loi3hou2do1dou1Dong1jin4jau5di1san1lei4ah3,都住咗好耐了好多都當然有啲新搬入嚟㗎哈
885257,886525,daan6hai6hou2do1dou1,但係好多都
886706,888941,hai6siu2gaa1ting4ah3,係小家庭啊
889252,892484,ngo5zi1li1keoi1za6m4hai6waa6hai6hou2jau5fu3jau5ge3keoi1,我知呢區就唔係話係好嘅富有嘅一區
892702,895621,Daan6hai6go3go3jan4dou1hai5zou6gung1hai6,但係個個人都勤力做工係
896140,896700,ze1hai6,啫係
897010,900923,ceot1bin6ge3faa1jyun2le3dou1ngo5jiu3fong3hou2ge3sam1gei2zing2hou2keoi5,出面嘅花園咧都會放一啲心機落去整好佢
901133,903965,Ja5m4wui6taai3ling3daan6hai6le3jau6m4hai6taai3zau2kwaai3,又冇嘢太靚但係咧又唔係太醜怪
904171,907906,Ze1hai6ngo5gok3dak1hai6zung1tang2ge3jat1go3keoi1,啫係我覺得係中等嘅一個區
908116,910888,Gam2ngo5zi4gei2dou1hai6la3ngo5ja6,咁我自己都係喇我又
911420,913690,bei2jau5ji4so2ji3,比上不足比下有餘所以
913876,918447,Ngo5ngo5dou1m4zo3ga3zung1ji3li1keoi1Ngo5zi4gei2gei2zung1ji3,我都唔錯係鍾意呢呢區我自己幾鍾意
922907,927784,zeoi3gaan3jau5bun1lam2go3bun1zau2jan1mai6ngo5dei6ng5ah3gei2seoi3ah3ma3,最近有搬諗過搬走因為我哋五廿幾歲喇嘛
928595,931999,Gwat1tau4jau5di1tang4ah3saat3tau4jau5di1tang4ah3So2ji3m4zung3dak1gei2do1fa1,骨頭一啲痛喇膝頭一啲痛喇所有又唔種得幾多花
932277,934296,Jau6m4hai6caan2dak1hou2do1zou2,唔係鏟咗好多草
934496,937088,Zaan2syut3zau6zung6caam2di1dim1Zau1san1gwat1tang4,鏟雪又仲慘啲添周身骨痛
937273,938520,Hai6soeng2bun1ge3,係想搬嘅
938800,943522,Daan6hai6l3caam5si4le5zi1li1jat1loeng5lin4go2di1,但係呢暫時你知呢一兩年果啲
943726,947549,ging1zai3baat1ging2jau4gaa3jau6ze1hai6hou2hou2,經濟不景樓價又啫係好好
947723,949717,hou2tai1mai4Bun1loi6maai5uk1zau6hou2daan6hai6,好低迷本嚟買屋就好但係
951170,952678,dou1jiu3lam2ha3maai5bin1dou6lo3,都要諗下買邊到咯
953364,956237,Gam2jau6jan1wai6ngo5jau5go3lou5jan4gaa1hai6uk1kei5gam2ngo5jiu3,咁因為我有老人家系屋企我要
956486,958662,tai2haa3bun1heoi3bin1dou6sin1zi3zeoi3hou2,睇下搬去邊到先至係最好
958841,961457,tung4mai6jau5go3zeoi3daai6ge3man6tai4jyu4gwo2bun1zo2jat1gaan1sai3di1ge3uk1le3,同埋有一個最大問題如果我搬咗間細啲嘅屋咧
961653,964012,ngo5saam3go3haai3zi2le3dou1mei5git3faan1go3wo3,我三個孩子咧都未結婚過喔
964209,966184,Gam2keoi5dei6zau6faan3lei4zi1hau6m4zi1keoi5dei6hai6bin1dou6zyu6,咁佢哋走返嚟之後唔知佢哋去邊到住
966482,968008,Gam2so2ji3m4gam2juk1zi4,咁所以唔敢郁住
968216,969414,Gam2,咁
969629,972403,dou1mei5laau3gei2gei2lin4jaap6bin6le3wui6,都未來幾年幾年咧會
972714,974992,da2syun3bun1uk1ga3la3,打算搬屋嘅
979235,985553,Ngo5di1loen4geoi1hai6ah3hou2do1si4dou1jau5di1dou1saap6lin4baat3lin4gin3dou2keoi5dei6ga3,我啲鄰居係啊好多時都有啲都十年八年以上見到佢哋嘎啦
985857,990483,jau5di1hai6mei5git3fan1jau6git3fan1san1bi4bi1sai3lou4zai2dou1daai6lo3gam2,仲有啲係未結婚到結婚都生細路仔都大嘎啦咁
991834,996770,Dou1sik1zau6m4sik1dak1sai3la3daan6hai6sing4si5zoeng1hai6zau6syun3tung4jat1tiu4gai1le3dou1sik1m4dak1sai3ge3,都識就唔識得曬喇大城市真係就算同一個人同一條街都識唔得曬
997010,999027,Daan6hai6dou1,但係都大家
999093,999792,dai4gaa1dou1,大家都
999978,1003809,dou1tung4daai6gaa1soeng3fong3fuk4si4lo3Ze1hai6m4tung1jau5me1do1si4gon3,尊重大家相安無事咯啫係唔會有咩多事幹
1003973,1005416,mou5me1lau3gau3je5,冇咩撈攪嘢哈
1005911,1006693,Gam2,咁
1008426,1014126,gaak43lei4jau5jau5Hon4Gok3jan4ngo5zung6dai4ji4bin1gaak3lei4jau5zung1gok3jan4hai6zi4gei2ge3gaau3wui2dim1,隔離有有韓國人我仲第二邊隔離有中國人自己教會嘅添
1014326,1019951,Gam2daai6gaa1dou1hou2soen3dak1go3Daai6gaa1ze1hai6zau6syun3ngo5dei6ceot1fau4dou1waa6bei2ting1,咁大家都好信得過大家啫係就算我哋出埠都話比大對方聽
1020169,1024489,M4wui6ging1zyu6waa6jat1waa6bi2jan4ting1wui6bei2jan4pau3po3gam2lo3,唔會驚住話一話咗俾人聽就會俾人爆破咁咯
1024693,1026236,Li1ngo5lam2dou1hou2laan4dak1ga3la3,呢個我諗都好難得嘎啦
1032002,1036255,wui6gaa3Ngo5gei3dak1go2zi3seoi2caam3Li1dou6li1dou6jan1mai6hai6dai1ge3dei6fong1,會㗎我記得果次水浸哩到哩到因為係低嘅地方
1036460,1038774,Ha6go2dou6di1seoi2jat1lou6lau6lok6lei4,哈果度一路啲水流落去
1039003,1040393,Gam2daai6gaa1dou1,咁大家都
1040638,1042421,wui6,會
1043028,1044254,bong1zo4daai6gaa1ge3,幫助大家嘅
1044517,1045907,Ha6jan1wai6,哈因為
1046133,1048075,go2zan6si4go3seoi2wai2,果陣時果啲水位
1048281,1049512,zan1hai6,真係
1049721,1052661,zing2dou2hou2do1ah3go2di1je5lo3gam2Gam2ngo5dei6dou1,整到好多啊果啲嘢咯咁我哋都
1052956,1054056,jau6bong1gaat3lei4,又幫隔離
1054281,1055754,tai2seng2keoi5gei2si4heoi3,提醒佢幾時去
1055939,1058821,heoi3bou1di1ah3bui3soeng3ah3,去報啲啊賠賠償啊
1059050,1061814,Gaat3lei4jau6tai4seng2gei2si4dou3kei4heoi3ting1,隔離又提醒幾時到期去聽
1062000,1066517,heoi3go2dou6ting1je5Ting1zing1zo2keoi5dei6gei2si4jau5me1je5zou6gam2joeng2,去果度聽嘢聽清楚佢哋幾時有啲嘢做咁樣
1066706,1068334,Li1di1dou1hai6,哩啲都係
1068542,1071726,loen4geoi1ho2ji3wu4soeng1bong1zo4jat1di1dei6fong1lo3,鄰居可以互相幫助嘅一啲地方咯
1071862,1073120,Jau5si4bin1go3heoi3zo2,有時邊個去咗
1073310,1075598,loi6hang4ngo5dei6jiu3bong1keoi5dei6lo2soen3ah3,旅行我哋要幫佢哋去攞信啊
1075824,1079207,sou3ja2go3go3cin4mun2ah3,仲有個個前門啊
1079404,1081673,Go2di1zou2dei6daai6gaa1dou1hai6ge3,果啲草地大家都係嘅
1081851,1085567,gam2jyu4gwo2ngo5dei6daak1han6lei4bong1keoi5cin2mai6keoi5ah3keoi5dei6han4jau5si4zau6bong1ngo5dei6cin2mai6,咁如何我哋得閒又幫佢剪埋佢喇佢得閒又成日幫我哋剪埋
1085765,1090987,Gam2li1di1dou1hai6hou2siu2siu2ge3si4daan6hai6daai6gaa1jau6ho2ji3piu2si4jat1di1gwaan1sam1ngoi3sam1ha6,咁哩啲都係好少少嘅事大家又可以表示一啲關心愛心哈
1091290,1092619,Gam2,咁
1093386,1098825,jau6jau6jau6si3go3jau5je5ngaai3gau1la3Mei4gaa1jau5jat1ci3le3,又又又未試過有嘢嗌交咁亦都有一次咧
1099150,1103391,hou2kei4kwaai3Ngo5sai3leoi5le3zau6bei2jan4tau1zo2di1,好奇怪我細女咧就俾人偷咗佢果啲
1103591,1105485,keoi5di1zing3gin2,佢啲證件
1105727,1107665,kei4saat3hai5jaap6bin6ge3,就其實系入邊嘅
1107855,1109764,Keoi5zou6gaan2gung1go2zan4si4jan4dei6tau1zo2dou1m4zi1,佢做梗工果時定偷咗都唔知
1109967,1112352,Gam2kei4kwaai3go2jat6le3,咁奇怪果日咧
1112934,1114783,jau5jan4le3zau6caap1dou2,有個人咧就執到
1114990,1116141,Keoi5daa2dim6waa2,佢打電話
1116336,1120533,Daan6hai6keoi5waan2go3le3zau6le2waan2zo2ngo5,但係佢搵嘅咧就咧搵到我
1120790,1124564,tung4ngo5sai3leoi5jat1joeng3ming2ge3jan4le3kei4saat3hai6zyu6ngo5gaat3gaat3gei2gaan1uk1ge3,同我細女一樣名嘅人咧其實住我又隔幾間屋嘅
1125029,1126612,Gam2ah3daa2dim6waa2lei4waan2,咁佢又打電話嚟搵
1126801,1132035,zau6m4hai6daa2zo2lei4li1dou6jan1wai6keoi5wan2zo2go2go2gaa1jan4l3zau6daa2zo2go2dou6tung4ngo5sai3leoi5jat1joeng3mwng2ge3,就唔係打咗嚟呢到因為佢搵咗果個果家人咧就打咗去果度同我細女一樣名嘅
1132476,1133061,Gam2,咁
1133260,1139759,hou2zoi6jan1mai6gam2le3jan1mai6jyu4gwo2go2go3sai1jan4lei4ge3daa2lei4ngo5dei6uk1kei5le3ngo5ngo5lou5jan4gaa1m4sik1ting1m4sik1gong2jing1man4,好在因為咁咧因為如果果個係西人嚟嘅打嚟我哋屋企咧我我老人家唔識聽唔識講英文
1139942,1143974,Keoi5zau6daa2zo2heoi3go2gaan1Go2gaan1go2go3leoi5zai2tung4ngo5leoi5joeng3go2go3leoi5zai2zau6hai6uk1kei5,佢就打咗去果家果家果個女仔同我個女一樣嘅個女仔就系屋企
1144341,1146574,Gam2keoi5zau6waa6mou5ah3ngo5mou5m4gin3,咁佢就話冇啊我冇唔見
1146773,1148261,Gam2ah3m4zi1hai6m4hai6ngo5gaat3lei4,咁啊唔知係唔係我隔離
1148457,1149753,gaat3gei2gaan1go2go3,隔幾街果個
1149963,1152458,Go2go3m4gin3zo2,果個唔見咗張卡
1152701,1156976,Hou2hou2kei4miu6zan1kei4miu6Gam2zung1ji3zau6,好好奇妙奇妙得真奇妙咁終於就
1157291,1158897,so2ji3go2go3,所以果個
1159070,1163844,gaat3lei4go3uk1go2go3leoi5zai2zau6sik1gong2zung1man2zau6daa2lei4li1dou6man6ah3maa4ma4hai6m4hai6,隔離個屋個女仔就識講中文就打嚟呢到問啊嬤嬤係咪
1164025,1167319,lei5go3syun1m4gin3zo2kaat1daan6hai6ngo5maa4maa4gam1bun2dou1m4zi1dou3me1si4faat3sang1,你個孫唔見咗卡但係我嬤嬤根本就不知道咩事發生
1167343,1169385,jau6tung1zi1ngo5dei6gam2,就通知我哋咁
1169611,1170927,zung1jyu1zau6hai6,終於就係
1171109,1173964,heoi3dou3faan1faan1heoi3jau5jan4caap1dou2,去到翻返去到有人執到
1174996,1176260,zau6dang2zo2hoeng2,抌咗響
1176489,1182640,go2go3go2di1go2dou6la3,果個響果個哋果度喇
1182826,1184135,me1mat1mat1,咩乜乜
1184370,1186240,go2di1dei6fong1,果啲地方
1186822,1187585,Ah2,啊
1187758,1189114,Ngo5gok3dak1gei2kei4kwaai3wo3,我覺得幾奇怪喔
1189299,1192009,Tung4tiu4gai1jau5jan4tung4meng4tung4seng3sin1hou2siu3,同條街有個人同名同姓先至好笑
1192198,1197188,Daan6hai6le3jau6zeoi3kei4kwaai3zau6hai6keoi5cap1kat1le3keoi5zing2co3zo2ji3wai6keoi5ge3Dim2zi1hai6ngo5dei6,但係咧又最奇怪就係佢哋執卡咧佢整錯咗以為佢嘅點知係我哋
1197359,1199786,gam2zung1ji3jau6wan2dak1faan1wo3zan1hai6kei4kwaai3la3,咁終於又搵得返個喔真係奇怪
1201249,1203941,Li1gin3si4hai6ngo5dei6gok3dak1hou2hou2siu3,哩件事係我哋覺得好好笑
1204128,1211180,La4ji4go2daa2ngaam1zo2keoi5dei6le3zau6gaan2hai6tung4ah3dou1m4zi1gong2mat1Zung6laau3gaau3di1dim1,又如果打剛俾我哋咧就雞同鴨講唔知講乜仲撈攪啲添
1220021,1223948,Gaat3lei4hou2zi3ngo5gong2jau5Hong4gok3jan4jau5zung1gok3jan4,隔離好似我講有韓國人有中國人
1224298,1230112,Li1tiu4gaai1gei2do1zung1gok3jan4ga3gong2zan1Jau6jau5hei1lip6jan4Jyun6bun2li1tau4le3hou2do1hai2dou6ngo5dei6,哩條街幾多中國人㗎講真又有希獵人原本呢頭咧系到可以
1230287,1234463,gaat3gei2tiu4gai1go3deoi3min6jau5gei2go3Keoi5dou1zyu6zo2hou2loi6,隔幾條街再對面斜對面就有佢哋都住咗好耐
1234706,1236410,Jau6mou5zeoi3bun1zau6ha6,又冇再搬走哈
1236603,1239814,Gam2jyun2di1go2di1dou1jau5,咁遠啲果啲都有
1240139,1241017,dou1jau5,都有
1241237,1243098,dou1jau5,都有
1243552,1246047,zeoi3gaan3zau6jan1mai6,最近就因為
1246234,1249749,zung1gok3ge3ji4man4ziu3zau6hou2do1jan4lei4zo2le3zau6dou1hou2do1,中國大陸嘅移民潮好多人嚟咗咧就好多
1250026,1254788,gong2gok3jyu5ge3zung1gok3jan4,講國語嘅中國人系到附近住
1265878,1269315,ngo5zi4gei2di1pang4jau5dou1,我自己啲朋友都
1269770,1271568,do1sou3paak1siu2siu2ze1hai6,多少北少少啫係
1272102,1273930,fu3gaan3waa6ze2ji4baak1,附近或者以北
1274316,1279157,Ze1hai6go3zeoi1sai3hai6di1zung1gok3jan4jat1hoi1zi2zyu6hai2ah3,啫係個趨勢就係啲中國人已經開始住響啊
1279356,1280439,ah3,啊
1280738,1282676,bak1bak1go2bin1,以北以北果邊
1282876,1286239,ah3do1di1dou1jau5ge3ha4,啊多啲咁都有嘅哈
1286475,1289942,Daan6hai6zau6haa6bin6zau6siu2di1lo3,下面就少啲咯哈
1290148,1292216,Zan1zing1zi4gei2ge3pan4jau5dou1hai6,真正自己朋友都係
1293349,1295736,laam4bak3go2fu3gaan3,南北果附近
1295965,1298893,Jan1wai6ngo5zi4gei5gaa3wui2gam2gaan2hai6zyu6hai2la3,好多人住系喇
1299099,1300621,Ha6gam2,哈咁
1300867,1303556,Lin3dou3dou1jau5Hou2do1zau6m4hai6hou2do1la3,遠到去都有不過就唔係好多喇哈
1303818,1306106,dou1hou2do1hou2do1pan4jau5zyu6,都好多好多朋友系住
1319236,1324471,ngo5zou6zo2gei1duk1tou4hou2do1hou2do1lin4lo3Gam2hai6jat1gau2,我做咗基督徒好多好多年咯咁係一九
1324682,1327852,cat1lok6lin4so2ji3ngo5hou2do1pang4jau5dou1hai6gei1duk1tou4ha6,七六年所以我係好多朋友都係基督徒哈
1327991,1332147,Gam2hou2do1jan4ngo5zou6gung1go2dou6Hou2do1jan4m4hai6soen3tou4lei4ga3,咁都有人我做工果度就好多人就唔係信徒嚟喇
1332300,1333304,Gam2go2di1,咁果啲
1333519,1337536,daan6hai6go2dou6zau6soen4seoi6zou6gung1zau6hou2siu2beng4si4jau5me1gaau3wong6ge3,但係果度就純碎做工就好少平時有咩交往嘅
1337697,1342241,Gung1zuk3soeng3ge3gaau3wong6ngo5dei6jau5hou2do1sik1dak1jau5wui4gaau3tou4,工作上嘅交往就有都係啲有識得有回教徒
1342425,1349161,jau5dai4ji5di1zung2zoek3din1zyu2gaau3tou4ze1hai6dai4ji5di1ge3soen3joeng3ge3dou1hou2hou2pang4jau5ge3dou1ha4,有第啲種族天主教徒啫係第啲嘅信仰嘅都好好好朋友嘅都仲
1354186,1358402,Ngo5jan1mai6zyu2jiu3hai6zi4gei2ge3gaau3jau2do1le3,我因為主要係自己嘅教友多咧
1358609,1359965,gam2,咁
1360191,1361098,dou1,都
1361844,1362810,ze1hai6,啫係
1363031,1364746,sing4hou2do1si4dou1,成好多時都
1364979,1368134,gaau3wui2jaap6bin6hou2do1wut6dung6ge3,教會入面好多活動嘅嗯
1368489,1372602,Gam2jau5si4ngo5wui6heoi3daam3fong2la3jan1wai6,咁有時我會去探訪喇因為
1372811,1373575,ngo5hai6,我係
1373758,1375584,daai3jat1go2di1,帶一個啲
1375792,1377495,daan1san1maa1maa1ge3siu2zou2la3,單身媽媽嘅小組喇
1377710,1380773,Gam2li1gei2jat4ngo5ngaam1sin1heoi3daam3jan4la3,咁哩幾日我剛先去探醫院探人喇
1381475,1382726,Gam2jau6,咁又
1383165,1385944,beng4si4ge3wut6dung6do1sou3hai6,平時嘅活動多數係
1387652,1392726,Tung4jan4jau5gwaan3ah3Ze1hai6waa6hou2siu2wui6zi4gei5ceot1heoi3tai2ceot1hei3ah3hou2siu2hou2siu2,同人有關喇啫係話好少自己走去睇出戲啊都係少啲啊好少好少
1393116,1395474,gam2ji4go2,咁如果
1395677,1398499,jau5hou2ge3jam1ngok6wui2le3ngo5dou1hou2heoi3ting1ge2,有好嘅音樂會咧我都會走去聽嘅
1398847,1402508,jau5si4jau5di1wa2zin2ah3Gam2ngo5dou1wui6,有時有啲畫展呢咁我都會
1402941,1404537,joek3mai6heoi3ge2,約埋去嘅
1405004,1408962,Ha4Daan6hai6jan1wai6ngo5fan1gung1ji2ging1ng5tin1dou1ji2ging1,哈啊但係因為我返工已經五天都已經
1409160,1410976,fan1gaan2gung1gam2zung6jau5go3,返緊工到仲有個
1412110,1413624,loeng5tin1zau6,兩天就
1414003,1414567,ze1hai6,啫
1414913,1417997,hou2ge3ze1ze1ze1hai6ge3wut6dung6Waa6ze2gong2zan1,好嘅啫嘅嘅活動咋講真
1418127,1418701,ha4,哈
1419029,1420031,gam2haa6tin1jau6,咁夏天又
1420193,1426364,hou2dou1jan4git3fan1la3Gam2zau6jiu3caam1gaa1fan1lai2la3Gam2dou3dou3cau1tin1le3,好多人結婚喇咁又參加婚體喇咁到到秋天咧
1426512,1431197,zau6wui6hou2do1ge3gaau3wui2ge3jat1di1ge3wut6dung6jan1mai6hai6haa6tin1zau6m4wui6jau5hou2do1jan4ceot1fau6,就會好多啲教會一啲嘅活動因為啫係夏天就唔會有活動住啊好多人出埠
1431501,1435670,Gam2gam2ngo5zung6jau5hou2do1can1cik1hai2Mei2Gok3ah3hong2Laa4Daai6ga3,咁咁我仲有好多親戚都響美國啊響加拿大㗎
1435986,1437812,Gam2ngaam1li1go3,咁剛哩個
1438049,1444006,cin4gei2jat1loeng5go3jyut6jau6heoi3zo2lok6zo2Mei5gok3caam1gaa1fan1lai2la3gam2joeng2,前幾一兩年又去咗落咗美國參加參加婚禮喇咁樣
1444205,1446389,Gam2dou1hou2do1li1di1gaa1ting4jaap6bin6di1,咁都好多哩依啲家庭入邊啲
1446583,1447928,wut6dung6le3,活動咧
1448112,1449347,Dou1ji5ging1,都已經
1449608,1452279,ze1hai6gaap3dou2hou2do1si4gaan3la3ha4,積壓咗好多視頻㗎喇咁
1454376,1460438,zi1ngoi5zau6Ngo5faat3gok3zi4gei2jyu4lok6zi4gei2ge3si4gaan3zau6m4hai6hou2do1Daan6hai6ngo5zung1ji3zing6ge3,之外就我發覺自己娛樂自己嘅時間其實就唔係好多但係我鍾意靜嘅
1460674,1462939,Ze1hai6ceoi4fei1ngo5waa6heoi3ting1jam1ngok6ah3gam2le3,啫係除非我話去聽下音樂啊咁喇
1463086,1465778,jau5si4ngo5zi4gei2tai2syu1ah3Ze1hai6hai5uk1kei5,有時我自己睇書啊啫係系屋企
1465866,1467583,ngo5dou1hou2hoi3sam3ge3ha4,我都好開心嘅哈
1467736,1471996,Gam2zeoi3kaan4jan1mai6ngo5sat1tau4m4hai6gei2to2Ze1hai6m4hai6ngo5ngo5ngo5zung6ha2fa1dou1gei2hoi1sam1ge3,咁最近因為我膝頭唔係幾妥啫係唔係我我種下花啊我都好開心嘅
1472212,1473547,Ha4gam2,哈咁
1473783,1476620,saan3ah3pou4dou1hou2hou2ge3ngo5ngo5zau6,散下步都好好㗎我就
1476829,1477831,Hou2jung6ji3mun5zuk1ge3,好容易滿足嘅
1478015,1478950,Ha4jan1mai6,哈因為
1479187,1482736,taai3taai3ge3je5le3ngo5dou1paa3ga3,太太嘅嘢咧我都怕嘅
1482943,1484999,Ha4jan1mai6,哈因為
1487353,1488585,jan4zan1hai6,人真係
1489071,1489842,ja6,呀
1490015,1491325,sik6bau2saam3can1,食飽三餐
1492333,1495395,zi1hau6le3zau6jiu3zou6jat1di1jau5ji1si1ge3je5lo3,之後咧就要做一啲係有意思嘅嘢咯
1495612,1498047,Ze1hai6jyu4gwo2seng3jat4heoi3zi4gei2le3,啫係如果成日去自己咧
1498483,1500814,zo2dai1zi1hau6ngo5zau6faat3gok3m4mun5zuk1lo3,坐低之後我就發覺唔滿足咯
1501355,1504262,Gam2tung1soeng3ngo5heoi3bong1zo6jan4le3hai6hou2hoi1sam1,咁通常我去幫助人咧我會開心
1504433,1506259,Ha4jan1wai6jau5jan4le3hou2do1,哈因為有人咧好多
1506483,1509423,aju5di1jan4m4sik1jing1man1le3ngo5tung4keoi5zou6fan1jik6ah3,有啲人唔唔識英文喇我同佢做翻譯啊
1509793,1515145,Jau5di1jan4jau6seng3jat4beng3gam2jau6m4do1ceot1mun6hau2ga3seng4jat4dou1,有啲人又成日病咁又都唔多出門口嘅有啲人都
1515381,1518634,Gam2ngo5gok3dak1bei2jan4dei6jat1,咁我覺得俾人哋一一
1518841,1519613,jat1go3,一個
1519765,1521387,man6hau6jat1go3,問候一個
1521553,1522709,bong1zo6,幫助
1522876,1525138,hai6hou2go3zi4gei2heoi3,係好過自己去
1525302,1527528,jau6tai2hei3ah3,去睇戲啊
1527608,1530018,jam2za6ah3go2di1je5ngo5gok3dak1ze1hai6,飲茶啊果啲嘢我覺得啫
1530175,1533116,zou6jyun6zi1hau6ngo5dou1m4gok3dak1jau5me1gam3hoi1sam1lo3,做完之後我都唔覺得有咩咁開心咯
1533259,1535882,Ha4gam2li1go3hai6bong1dak6bit6jan4le3hai6,哈咁哩個係幫助別人咧係
1536038,1537478,ngo5,我
1537644,1539400,gok3dak1jan4san1jat1gin3hou2,覺得人生入邊好
1539560,1542654,hou2daai6jat1go3ge3mun5zuk1lo3Gam2,好大嘅一個嘅滿足咯哈咁
1542799,1544207,ngo5jau5si4dou1wui6,我有時都會
1544397,1546419,bong1jan4dong3zung1wui6ging1lik6jat1di1,幫人當中會經歷一啲
1546592,1548668,jau5si4wui6bei2jan4m4wui4ge3,有時候會俾人誤會嘅
1549275,1553139,Jau5si4le3zau6je6wo6zung1san1ge3dou1wui6,有時咧就惹惹禍上身嘅都會
1553402,1554904,Ze1hai6lai3maai3lei5lok6seoi2,啫係拉埋你落水
1555116,1557078,Gam2jau5si4jau6jiu3,咁有時候要
1557350,1562183,bei2jan4laai1lok6heoi3zou6wo6si3lou2mat1tung4mat1jau6m4ngaam3ah3,俾人拉落去做和事佬啫係啊乜同乜又會又唔剛喇
1562372,1565105,Lei4jau6zo2hai6zung1gaan1tai2haa3bin1go3ngaam1bin1go3m4ngaam1gam2zau6,你又坐系中間睇下邊個剛邊個剛終於呢就
1565431,1568534,dou1bei2jan4bei2jan4ze1hai6lyun3leoi4mai6dou1wui6ge3,都俾人俾人啫係連累埋都會嘅
1568731,1569702,ngo5dei6li1di1,我呢啲
1570031,1573196,hou2zi3waa6jyu4gwo2ngo5m4le3ngo5mou5li1di1je5ge3,好似話如果我唔咧就冇呢啲嘢嘅
1573636,1574481,Daan6hai6ngo5gok3dak1,但係我覺得
1575806,1577425,le3,咧
1577876,1579704,ha4,啊
1579912,1583067,Gam2li1go3zi1dou6li1go3hai6jat1go3,咁呢個我知道哈呢個係一個
1583248,1585400,jat1go3fu4deoi6gaa3go2li1di1je5,一個付代價嘅呢啲嘢
1586236,1589078,Gam2daan6hai6dong1lei5gin3dou2jan4jan1mai6,咁但係當你見到一人因為
1589551,1592240,kei4daa1jan4ngo5waa6ze2kei4daa1jan4bong1zo6,其他人我或者係其他人去幫助
1592456,1594369,keoi5ge3sam1ming6dak1dou2hai6,佢個生命得到係
1596685,1599318,jau5hou2zyun2jau5sing1waa6,有好轉有昇華有
1599492,1600358,zyun2faa3,轉化
1600552,1601836,jau5,有
1603162,1604867,Gaan3gaa1ha6,更加係
1605350,1607887,jau5zyun1jim6jat1di1jan4hing1hai6jau5,有尊嚴一啲人應該係有
1608956,1612204,lang4gau3wut6dak1jau5jau5di1gei1bun2ge3tiu4gin2le3,能夠活得有有啲基本嘅條件咧
1612594,1613201,Ze1hai6,啫係
1613375,1617620,jyu4gwo2keoi5san1tai2taai3ca1le3Keoi5gok3dak1zi4gei2mou5mou2zi4zyun1jan1mai6,如果佢身體太差咧佢覺得自己冇咗冇自尊因為
1617819,1619866,deoi3jat1go3jan4hou2gan2jiu3ge3gin6hon1ha4,對一個人好緊要啊健康哈
1620191,1623560,Gam2so2ji3so2ji3daam3jan4bun2san1hai6gu2lai4jan4le3hei1mong6keoi5,咁所以所以探病本身去鼓勵人咧希望佢
1623774,1625438,hai6faai3di1hou2faan3ceot1lei4ha4,係快啲好返出嚟哈
1625657,1628581,Daan6hai6le3jau5di1jan4jau5ge3si4hau6le3,但係咧有啲人咧有嘅時候咧
1629245,1631594,keoi5zau6gok3dak1mou2saai3hei1mong6la3,佢就覺得冇曬希望喇
1631761,1635283,So2ji3ngo5zau6wui6waa6bei2keoi5ting1le3jan4hai6jau5ge3,所以我哋會話俾聽咧人係有嘅
1635493,1637031,Zeoi3bei2keoi5jau5jat1go3baan3mong6le3,就俾佢有一個盼望咧
1637224,1640003,Zau6syun3keoi5beng3dak1hou2sai1lei4dou1hou2la3keoi5jau5baan3mong6le3,就算佢病得好犀利都好喇佢有盼望咧
1640186,1640866,keoi5,佢
1641037,1644748,zi1dou6zi4gei2wui6heoi3bin1dou6zau6syun3lei4heoi3zo2li1go3sai3gai3le3,知道自己會去邊到就算離開咗世界咧
1644943,1646961,so2ji3li1go3hai6zeoi3daai6ge3fuk1hei3,所以呢個係最大嘅福氣
1647146,1648605,Ngo5tai2zyu6jan4,我睇住人
1648870,1651682,mou2baan3mong6keoi5sai3ge3si4hau6gei2gam2zai1loeng3,冇盼望去世嘅時候幾咁淒涼
1651883,1653655,Jau5baan3mong6keoi5sai3ge3si4hau6le3,有盼望去世嘅時候咧
1653811,1657914,keoi5dei6hai6m4wui6geng1lo3Li1go3zan1zan1zing3bei2ngo5tai2dou2ha4,佢哋會唔會驚咯呢個真真正正俾我睇得到哈
1658073,1658894,Gam2,咁
1659065,1660264,ngo5so2ji3,我所以
1660439,1661835,ngo5hou2lok6ji3le3heoi3,我好樂意咧去
1662733,1665715,mou4loen6jan4dei6gin6hong1m4gin6hong1ge3si4hau6le3dou1wui6gu2lai4jan4,無論健康唔健康嘅時候咧都會鼓勵人
1665941,1667636,hai6heoi3,係去
1668486,1672324,ze1hai6jyun6seng4keoi5hai2dei6soeng3dyun2dyun2gei2saap6lin4jat1go3ge3sam1ming6le3,啫係完成佢係地上短短幾十年一個嘅生命咧
1672492,1673980,zau6wut6dak1gan3zing1ceoi2lo3,就活得更精彩咯
1681256,1682586,jing1m4jing1goi1zou6,應唔應該做工
1682586,1684194,Go3go3jan4sou1jing1goi1jau5fan6gung1ge3,個個人都應該有份工嘅
1684434,1688568,Daan6hai6go3gung1zok3bun2san1ge3ting4ji3le3m4hai6gam3haap3zap3ge3,但係個工作本身嘅定義咧唔係咁狹窄嘅
1688794,1691062,Gam2li1fan4jyu4gwo2,咁如果
1691230,1695682,go2go3hai6uk1kei5zau3zai2hai6uk1kei5mou5zou6gung1gam2keoi5hou2zi3hou2go3wo3,果個係屋企湊仔果個話自己冇做工咁佢又好似好過喔
1695881,1700069,Gam2kei4saat3m4hai6keoi5go2go3gung1zok3kei4saat3hai2uk1kei5zou6gam2gaai2ze3,咁其實就唔係佢果個工作係佢係工作做咁解啫啊
1700246,1702399,keoi5dei6dou1zou6gaan2hou2wai6daai6ge3je5ah3,啊佢哋都做緊啲好偉大嘅嘢哈
1702485,1704187,Ze1hai6zau1haai6zi2hai6hou2san1fu2ga3,啫係湊孩子係好辛苦㗎
1704361,1705426,Zung6san1fu2go3faan1gung1,仲辛苦過返工
1705594,1708122,Ha4so2ji3ngo5dou1go3,哈所以我都過
1708261,1709121,gei2lin4le3,幾年咧
1709269,1711852,hau6loi6ngo5dou1jiu3syun2zak6jiu3ceot1ceot1bin6zou6gung1jan1mai6le3,後來我都去選擇要出去做工因為咧
1712002,1714791,hai6uk1kei5zou6gung1le3mou5jan4bei2lei5lei5,系屋企做工咧冇人俾你你
1714927,1719787,sik6je5le3sik6m4sik6zi4gei2jau6m4gaan2zoeng1gaau3dou3zi4gei2wai4tung3si3go3,食嘢咧食唔食都自己又咧唔緊張搞到自己胃痛試過咁
1719935,1723218,Hai6ah3jau5fan4gung1le3dang2lei5tung4li1go3se5wui2jau5zip1zuk1,哈有份工咧等你同呢個社會有接觸
1723363,1726432,Jau5go2di1ge3gam2gok3Ceot1,有果啲嘅感覺啫係
1726590,1729346,gei2dim2ceot1heoi3haa6zau3gei2dim2fan1lei4gam2jau5le3,一早幾點出去下晝幾點咁樣咧
1729567,1731942,kei4saat3le3hai6gin3hong3jat1di1,其實咧係健康一啲
1732123,1735150,hai6uk1kei5zou6je5hai6hou2daan6hai6jiu3hou2jau5lo3,係好但係要好有咯
1735328,1739792,Zau6tung4mai6ze1hai6jiu3hou2lei5bin1go3gei2si4zou6mat1gei2si4zou6mat1,又就同埋啫係要好你邊個幾時做乜幾時做乜
1739935,1742462,M4hai6gam2dyun4lyun4sai3lei5gung1si1ge3je5Gung1,咪撈到亂晒籠公司法啲嘢都
1742639,1744753,gung1tung4si1jan4ge3je5lou3mai6jat1zai6le3,公同私人嘅嘢撈埋一齊咧
1744929,1748297,zau6hou2jung6ji6gok3dak1taam4taam2zyun3hou2zi3m4zi1zou6mat1ga3la3,就好容易覺得氹氹轉唔知做乜㗎喇
1754815,1758860,jau5si4hai6mou2syun2zak6ze3ngo5laam2Jyu4go2jau5syun2zak6le3mou2jan4,有時係冇選擇啫我諗如果有選擇咧冇人
1758948,1761243,soeng2hai6uk1kei5zau3sai3man1zai2ge3,想係屋企湊細蚊仔嘅
1761609,1764582,ngo5gong2gaan2laam4jan4lo3Jan1mai6zi2zung1,果啲我講緊男人咯因為始終
1764896,1766976,go3se5wui2dim2joeng2tai2keoi5dei6le3gam2,個社會點樣睇佢哋咧咁
1767277,1773631,tong1jin4jau5di1man6fa6soeng3zung6ah3keoi5dei6jau5si4ngo5ting1laam6tung1laam6ngaa3go2bin6hou2do1leoi5jan4ceot1heoi3zou6je5hou2do1laam4jan2ga3,當然有啲文化上唔同啊譬如有時我聽聞東南亞果邊好多啲女人出去做嘢啲男人㗎
1773842,1776151,Daan6hai6zaam4si4ngo5laam2baat1mei5zau1zau6m4hai6gam2lo3,但係暫時我諗北美洲就唔係咁咯
1776295,1779331,Ah4gam2keoi5dei6ceot1heoi3zou6je5wui6gok3dak1,咁佢哋出去做嘢會覺得
1779587,1780518,hou2di1ge3,好啲嘅
1780712,1788368,lei5go2go3sang3ji3hai6uk1kei5sang3ji3gam2zau6m4tung4la3Gam2m4hai6gam2m4hai6zi2bot3go3lei5go3ge3gam2li1go3,你果個生意係系屋企生意咁梗係唔同喇咁唔係咁唔係唔出去只不過你個嘅咁呢個
1788638,1792669,hou2do1jan4dou1daan6hai6jyu4go2keoi5hai6jan1mai6jyu4go2keoi5jau6sai3man1zai2sai3go3le3,好多人都㗎因為如果佢有細蚊仔細個咧
1792903,1797092,keoi5ho2ji3zip3sung3fong3hok6ah3Gam2ham4baa6lang6ho2ji3zou6dou2Gam2keoi5sin1keoi5,佢可以接送放學喇都冚唪唥可以自己做到咁佢先佢
1797296,1798593,taai3taai2ceot1ceot1bin6,太太出出邊
1798754,1801265,faan1gung1ge3Keoi5hai2dou6lau4hai6uk1kei5zou6jat1go3,返工嘅佢系屋企留系到做一個
1801554,1805140,zi4gei5ge3ge3le3kei4saat6dou1hai6hou2hou2ga3,自己嘅嘅咧佢亦都係好好人哈
1805140,1807365,gam2gam2zau6m4tung4,啊咁就唔同
1807559,1810846,Daan6hai6jan1mai6keoi5waa6ah3jan1mai6beng3m4ceot1dak1heoi3ah3,但係如果你話佢係啊因為病唔出得去啊
1811175,1812442,jau6jan1mai6,然後因為
1812791,1816161,gok3zung2jyun4jan1la3keoi5m4sik1deoi3zeoi3le3,各種原因咧佢唔出到做嘢咧
1816377,1818095,li1go3laam4jan4zau6wui6hou2ma4fan4la3,哩個男人就會好麻煩啊
1818336,1821112,Jan1mai6lei5uk1kei5ho2laang4lo2zyu6go3coi3fong2le3,因為系屋企摸嚟摸去摸住個廚房咧
1821278,1824656,Ze1hai6zou6m4dou2gam2do1je5hai6jat1jat6hai6jau5,啫係做唔到咁多嘢一日咧係覺得有
1824859,1826441,Gam2go3laam4jan2zi2zung1le3zau6wui6,咁個男人始終咧就會
1826625,1827638,ze1hai6wui6gok3dak1,啫係會覺得
1827808,1828741,hou2hou2hou2,好好
1829187,1830633,hou2ah3waa6ze2hai6,好啊或者係
1830956,1832721,ze1hai6m4hou2lo3,嗯啫係唔好咯
1832895,1835542,Ze1hai6hou2zi3di1zo2ge3teoi3jau1ge3laam4jan2,啫係好似啲咗嘅退休啲男人
1835738,1838965,hai6uk1kei5dou1hou2faan3ga3jan1mai6keoi5dei6jiu3wan2di1je5le3hai6,系屋企都好煩嘎因為佢要搵啲嘢咧係
1840247,1842197,zing3sat3zi4gei2zung6jau5jung6sin1dak1ga3ma3,證實自己仲有用先得嘎嗎
1842366,1843665,Ze1hai6,啫係
1844394,1846637,gung1jau5bun2san1jat1go3gaa3zik6lei4ge3,工作本身係一個價值嚟嘅
1846831,1850452,Jan4dei6man6lei5zou6mat1ah3GAm2ah3zou6mat1zou6mat1hou2hoi1sam1gong2,人哋問你做乜啊咁啊我做乜做乜好開心講出來咋嘛
1850759,1852861,mou5je5zou6wo3,冇嘢做喔
1853025,1854826,hai6uk1kei5han4dok3lou6wo3,系屋企行踱路喔
1854989,1857060,waa6ze2gam2le3zau6hou2zau2gam2lo3,話啫咁咧就好醜咁咯
1857273,1858304,go3joeng2ze1hai6,所以咁啫係
1858660,1862882,teoi3jau1zi1zin4go3laam4jan2jyu4go2hai6mou5je5zou6le3bun2san3hai6hou2daai6ge3daa2gik3lo3,退休之前嘅男人如果係冇嘢做咧本身就好大嘅打擊咯
1869989,1875546,ze1hai6jau5di1jan4dou1hou2jau5cin2ga3baat3man6fu5jung1ha4Keoi5dei6dou1gok3loi6heoi3zou6je5ga3,啫係有啲人都好有錢嘎百萬富翁哈佢哋都搏命去做嘢嘎佢哋情願去做
1875697,1878791,daan6hai6keoi5ho2ji3m4sau1jan4jan4gung1ge3zou6je5ha4,但係佢可以唔收人哋人工嘅做嘢哈
1878946,1881035,Hou2do1jau5cin2ge3jan4zi4gei2jau5sang1ji3lo3,好多人好有錢自己有生意咯
1881236,1883700,Daan6hai6ngo5gok3dak1heoi3zou6ji6gung1le3,但係我覺得去做義工咧
1883868,1884576,hai6,係
1884777,1886139,zeoi3lang4kau3,最能夠
1886295,1889241,hai6hou2zi3ngo5co1co1gam2gong2hai6bong1zo4jan4le3,係好似我初初講幫助人咧
1889398,1892848,Jan1wai6lei5sang1wut6mou4jau1Jau6m4sai2hoi3fan6cin2ge3si4hau6,因為你生活無憂又唔駛等開飯前嘅時候
1893166,1895613,dim2gai2lei5m4ling4jung6lei5di1si4gan3bong1ha5jan4,點解利用你啲時間去幫下人
1895828,1898465,Hai6jau5di1jan4jau5,係有啲人有
1898729,1903599,coet1jin4ah3ceot1m4dou2heoi3ah3Jau5di1jan4heoi3sung3fan6ah3ah3gam2joeng2,啊出唔到去啊有有啲人去送飯咧啊果啲咁樣
1903677,1905282,gaau3jan4dei6heoi3,帶人哋去
1905489,1909084,bin1dou6bin1dou6jan1wai6heoi3ji1jyun2jau6m4sik1gong2jing1man2zau6hou2caam2ah3,邊到邊到因為去醫院都唔識講英文就好慘吶
1909270,1911534,Deoi3zyu6ji1sang1jau6m4sik1gong2le3gam2,對住個醫生又唔識講咧咁啫係
1911694,1914197,ze1hai6sik6zo3joek6faan1faan1zung1ah3ze1hai6jyu4gwo2ze1hai6,啫係食錯藥都係分分鐘啊啫係點啫係要
1914344,1916761,keoi5jiu3jiu3jau5wan2m4dou2di1zan1jan4bui4keoi5heoi3,佢又佢又搵不到啲人親人陪佢去
1916966,1918185,gam2ah3hou2cai1loeng6lo3,咁又好淒涼咯
1918413,1921640,Gam2ngo5gok3dak1ze1hai6jyu4gwo2ngo5teoi3jau1le3ngo5dou1wui6syun2zaak6le3,咁我覺得啫係如果我退休咧我都會選擇咧
1921811,1926359,ze1hai6bei2jyu4teoi3jau1ngo5dou1jau5teoi3jau1gam1Ngo5m4sai2zou6dou1jau5cin2jaap6lei4ngo5dou1gau3sang1wut6le3,啫係譬如退休我已經有退休金我唔駛做都有錢入嚟我都夠生活咧
1926546,1930558,ngo5heoi3zou6bong1zo4jat1di1hou2mou4zo4ge3jan4lo3,我就好想咧去就幫助一啲咧好無助嘅人咯
1930798,1932659,wan4si4ji1jyun2ah3,或者醫院啊
1933843,1938344,go2go2fong1bin6go2di1mou2jan4bong1keoi5dei6faan1jik6hou2caam2ga3,果各方面果啲冇人幫佢翻譯果啲人好慘嘎
1943756,1948451,Ngo5ji4gaa1li1go3le3ngo5hai6saan2zing3fu2ge3jat1go3hai6,我宜家呢個咧我係省政府嘅一個係
1949155,1951652,giu3zou6,叫做
1951857,1954429,jat1go3saang1zing3fu2,就係一一個省政府
1954598,1958666,tung4go2di1jan4jau5jau5zaat3beng6ah3zaan5zaat3m4zou6dak1je5le3,同果啲人有有疾病有殘疾唔做得嘢咧
1959002,1960512,Tung4mai6waa6ze2lou5jan4gaa1,同埋啲老人家
1960774,1966146,Lok6saap6m4seoi3ji5soeng6daan6hai6keoi5jau6mei5gau3saap6lin4keoi5lo2m4dou2lou5jan4gam1la3,六十五歲以上佢唔做嘢但係佢又未夠十年佢攞唔到老人金咧
1966373,1969478,Keoi5dou1lei4ngo5dei6li1go3bong6go2dou6le3zau6,佢都嚟我哋呢個部門果到咧係攞
1969657,1972935,kei4saat3hai6jat1go3bou2zong6hai6se5wui2,其實係一個補助係社會補助嚟嘅咁
1973088,1975463,bou2zeoi4ge3gam2,補助嚟嘅咁
1975765,1979013,ze1hai6ze1hai6zip3ah3gaan6zik6kei4saat3dou1hai6bong1zo4gaan2jan4,直直接或間接其實都係幫助緊人
1979228,1981079,Ha4daan6hai6zing3fu2ceot1cin2lo3ha4,哈但係就政府出錢咯哈
1981321,1985241,Gam2ngo5dou1hou2li1go3gung1zok6ge3,咁我都好呢個工作嘅
1991338,1994170,Li1fan4gung1lei4gong2dou1syun3hai6hou2lei2soeng2ga3la3,依份工嚟講都算係好理想嘎喇
1994448,2001219,ngo5jyun4mei5zou6li1fan4gung1zi1cin4le3ngo5zau6ngo5waa6bei2lei5ting1ngo5go3le3Ngo5waa6mou2zai3la3le3loi6dak1zai4le3m4hai6gei2hou2,我原未上呢份工之前咧我就我話俾你聽我過喇我話冇製啊得耐得滯唔係幾好
2001592,2006311,Jau5si4jau5siu2siu2faat3gok3hou2zi3fat3mou1gam3joeng2ga3taai3loi6,有時有少少發覺好似發毛咁樣嘎太耐
2006497,2010940,Seoi1jin3ngo5jat1gam2ge3sai3hou2do1je5zou6ga3jat1di1dou1m4wui6dak1haan6leng4dou1zi4gei2le3,雖然我啲細蚊仔細就好多嘢做嘅一啲都唔係得閒做到自己咧
2011112,2012277,baa1hai2dou6daan6hai6dou1,趴係到喇但係都
2012433,2017650,jau6m4gei3dak1zo2jiu3fong3ah3Jan1mai6di1sai3lou6hou2zou6ma1mi6ah3li1joeng3go2joeng3ah3,又唔記得咗要放啊因為啲細路啊就會嘈掹你啊呢樣果樣咁哈喇
2017959,2024498,Zyun3tau4jau6jiu3sai2li1joeng3jau6m4zi1zing2mat1jau6jiu3zyu2fan6jau6jiu3sai2saam1Ah3zou6dou1zou6dou3zi4gei2wan4tai1,轉頭要洗呢樣又要整果樣又要煮飯又要洗衫唉做都做到自己暈低咁製喇
2024669,2025921,Ngo5zing4jyun2faan3gung1,我情願返工
2027168,2028076,ngo5,我
2028269,2030913,zi1cin4zau6hau6leoi3ngo5zau6zou6go3la3,之前就後來我又做過喇
2031092,2034424,Ze1hai6ngo5mei5zi1cin4ngo5zou6go3ha4,啫係我未之前我做過哈
2034645,2035696,Gam2,咁
2035860,2037288,lei4gong2,嚟講
2037446,2041825,tai2lik6lou5dong6san1fu2di1lo3ze1hai6daai3di1sai3man3zai2hau4saang3zau6dak1,勞體力勞動辛苦啲咯啫係帶啲細蚊仔後生就得
2041988,2045197,Lin4gei2daai6di1zou6m4dou2ga3jan1mai6jiu3bong2di1sai3lou6zai2bong2ceot1bong2jaap6,年齡紀大啲做唔到嘎因為有時要捧啲細路捧出捧入
2045456,2047507,Jan1mai6ngo5go2zan4si4ngo5daai6tou5ga3,因為果時我我大肚嘎
2047693,2051778,Ngo5ziu3bong2di1sai3lou4zai2Bong2soeng3heoi3go2dou6sai2pei3gu2ah3mat1hou2,我造捧啲細路仔捧上盤到洗屁股啊乜乜乜啊
2051969,2055304,dou1dou1zou6dak1lei4ga3ji4ga1zau6m4ze1hai6go2di1m4zou6dou2la3,都都做得嚟係宜家就啫係果啲唔做到喇
2055578,2059151,li1fan4gung1lei4gong2ngo5hai6ge3jan1mai6dou1,哈呢份工嚟講我係嘅因為都
2059338,2061762,ngo5zip3zuk1dou2hou2do1jan4lo3,我接觸到好多人咯
2062027,2067056,Gam2jau5si4ngo5m4hai6zing4hai6gung1zuk6fan6wai6soeng3bin6zou6go2di1je5ah3bei2cin2lei5bei2cin2lei5gam3gaan2dan1,咁有時我唔係淨係好似工作範圍上面做果啲嘢俾錢你俾錢你咁簡單
2067228,2068526,Ngo5dou1gu2lai6keoi5dei6lo3,我都鼓勵佢哋咯
2068690,2070029,Jau5di1jan4gok3dak1zi4gei2jau5,有啲人覺得自己有
2070189,2072702,caan4fai3le3zau6hou2,殘疾有咧就好
2072979,2075784,tai1ge3ah3gok3dak1zi4gei2mou5jung6lo3,低嘅啊覺得自己冇用咯
2076043,2078395,Daan6hai6kei4saat3ngo5waa6bei2keoi5ting1mui5jat1go3jan4,但係其實我話俾佢聽每個人
2078599,2080907,jau5di1je5dou1m4hai6,有啲嘢都唔係
2081089,2085554,jyun6zyun6jau5di1je5dou1hai6ga3Ngo5dei6gam1bun2mou5jat1go3jan4hai6jyun4cyun4lo3,完全有啲嘢係嘅我哋根本上冇一個人係完全咯
2085853,2089510,Jau5si4go2gaan1lam2je5m4hai6gei2sing4zoek2jau5si4,有時腦筋諗嘢又唔係幾成熟有時
2089742,2091887,sau2goek3lou5lou5dei2dou1wui6maan3la3,手腳老老哋都會慢啊
2092796,2096949,jau5si4zau6faat3jat1zi3siu1zau6siu1waai6zo2go3lou3,有時就發一次燒可能就燒壞咗個腦
2097246,2098653,Zau6bin3zo2,就變咗
2098941,2101959,hou2do1je5dou1Jau5si4,好多嘢都唔係好有時
2102796,2107939,sau2koek3ah3jau5fung1sap3le3go2di1le3zau6hoi3zi2,手腳啊有有風濕咧果個咧一路開始
2108126,2108890,tai2zyu6di1,睇住啲
2109085,2111631,di1kwan1zit3ah3di1bin3la3,啲關節啊啲咧變喇
2111819,2112506,Gam2,咁
2112810,2115593,keoi5dei6hou2ze1hai6maan6maan2hou2ga3kei4saat3,佢哋好啫係慢慢好嘎其實
2117117,2122226,Ngo5dou1wui6gu2lai6keoi5dei6le3jat1go3hou2zi3bei2jan4tai2hai6jau5,我都會鼓勵佢哋喇不過好似俾人睇係有
2122481,2124338,ge3jan4le3kei4saat3,嘅人咧其實
2124617,2127849,han2san6ge3ngaan5zung1le3dou1hai6jat1go3hou2bou2gwai3ge3jan4lo3,嚮神嘅眼中咧都係一個好寶貴嘅人咯
2128407,2131411,Daan6hai6zyu2jiu3gei3zyu6jau5jat1tin1le3dou1wui6san1tai2seoi1zai5,但係只要記住我哋有一天咧都會身體衰殘
2131949,2135567,Daan6hai6ngo5dei6wui6jau5jat1go3zong3gin6ge3ling6wan4le3,但係我哋要有一個壯健嘅靈魂咧
2135880,2138755,gam2sin1zi3ho2ji3,咁先至可以
2139565,2144084,hoi3sam1gam2go3zoi3dou6go3li1jat1sai3lo3M4hai6zau6jyut6lei4jyut6lou5mai6jyut6,開心咁過再再度過呢一世咯唔係就愈嚟愈老未愈
2144537,2146516,m4hoi1sam1lo3jan1mai6jyut6lei4jyut6,唔開心咯因為愈來愈
2147118,2150963,siu2go2go3go2go3ge3,少果個果個嘅
2151132,2155627,san1tai2ge3jau6je5zou6jau5jiu3siu2gam2siu2gam2siu2mat1dou1gam2siu2zou6je5jau6siu2gam2,身體嘅又可以做嘅嘢少減少減少咧都減少做嘅嘢少咁
2155899,2159712,Gam2hou2caam3wo3jyut6lei4jyut6m4hoi1sam1lo3daan6hai6lei5jat1,咁好慘喔愈嚟愈唔開心咯但係你一
2159894,2163061,jau5jat1go3san1ge3paan3mong6jyun6loi6jau5hou2do1je5le3,有一個新嘅盼望去原來佢有好多嘢咧
2163366,2167065,jiu3wai6keoi5hai6kei4saat3hai6hou2do1je5zou6dou2ge3,以為佢係其實係好多嘢做到嘅
2167228,2169226,Gam2doi6keoi5dei6zau6hoi1sam1hou2do1lo3,咁佢哋又會開心好多咯
2179572,2184286,Tung4lin4jan1mai6ngo5m4hai6hai2uk1kei5zoeng2daai6la3Ngo5jat1go3jan2zoeng2daai6,童年因為我唔係系屋企長大喇係一個人長大
2184844,2188099,ngo5zau6gok3dak1bei2gaau3zing6di1lo3,我又覺得比較啫係靜啲咯
2188496,2189520,Daan6hai6so2ji3ngo5hai6,但係所以我系
2189754,2191841,tung4hok6tong1zung1ngo5zau6,同學當中我就
2192326,2194236,hou2do1ge3ha4,好多嘎啊
2194397,2197915,Jan1mai6ngo5zi4gei2mou5mou5tai4hing1zi2mui6zoeng3daai6le3,因為我自己冇冇弟兄姊妹一起長大咧
2198049,2199838,ngo5tung4pang4jau5zau6hou2gan2jiu3lo3,我同朋友就好緊要咯
2200081,2202692,Jau5di1pang4jau5zoeng2daai6zau6ngo5dou1gok3dak1ngo5,有啲朋友長大就我都覺得我
2202908,2204440,tung4lin4dou1gei2hoi1sam1,童年都幾開心
2204600,2207310,Jan1wai6hou2do1hou2pang4jau5lo3siu2hok6zung1hok6,因為好多好朋友咯小學中學
2207576,2213593,Daai6hok6dou1hai6tung4lin4daai6hok6mou2giu3tung4lin4zung1hok6la3zeoi3do1zi1cin4le3ngo5dou1,大學都係童年大學冇叫童年喇哈中學喇當最多之前咧我都
2213735,2215238,jau5hou2hou2ge3pang4jau5tung4ngo5jat1zai6,有好好嘅朋友同我一齊
2215770,2220082,Gam2ngo5syun3zo6hai6hou2hoi1sam1ga3ha4Gam2,咁我算做係好開心嘅哈咁
2220282,2226100,jan1mai6ngo5dou1giu3zou6gin1zai3soeng3jan1wai6ngo5gan1zo2ngo5kau5fu2kau5mou2keoi5dei6hai6mou5haai3zi2ge3,嗯因為我都叫做經濟上因為我跟咗我舅父妗母佢哋係冇孩子嘅
2226340,2228667,Gam2ngo5gok3dak1hai6,咁我得係
2228846,2231631,kei4saat3ngo5jat1mou4so2koet3lo3gam1bun2ngo5dou1mou5,我一無所缺咯根本我都冇
2231816,2236158,min6toi3go3pan4kung4mou5met1ha4,面對過貧窮冇乜哈
2236360,2239436,Daan6hai6ngo5zau6hou2hou2hou2le3,但係我哋好好好咧
2239678,2245299,ngo5m4wui6loen6gam6sai3cin2lo3Jan1mai6ngo5jyu6sang1gaa1ting4ngo5fu4mou5keoi5hang2,我唔會亂咁花錢咯因為我原生家庭我父母佢哋響
2246087,2250172,zung1gok3daai6lok6kei4saat3le3hai6hou2zi3gam2zau2jaap6lei4Hoeng1Gong2le3,中國大陸其實咧係好似咁走嚟香港喇
2250374,2252717,Keoi5jau6sei3go3haai6zi2ga3ngo5ceot1zo2heoi3ceot1bin6zyu6,佢有四個孩子嘅我出咗去出便住
2252981,2257535,Keoi5jau6san1fu2keoi5dei6hou2gaan1laan4ga3ze1hai6zou6gung1Gam2,佢又辛苦佢哋好艱難嘎啫係做工
2257983,2260383,Ze1hai6ngo5m4wui6jan1mai6ngo5hai6wut6zoeei3,啫係我唔會因為我係系活在
2260569,2262367,fu3jyu3dong1zung1le3,富裕當中咧
2262546,2264439,Ngo5zau6heoi3lyun3gam3faa1cin2ah3,我就去亂咁花錢啊
2264714,2265689,ha4gam2,哈咁
2265886,2269703,ngo5zau1zau1daai6ngo5go2kau5fu2kau5mou5keoi5dei6,我湊湊大我果個舅父妗母佢哋
2269897,2271562,hou2do1si4dou1heoi3loi4hang4ga3,佢都少去旅行嘅
2271745,2273985,Ha4keoi5hai6go2si4waan6geng2dou1m4zo3ha4,哈佢係果時環境都唔錯哈
2274236,2276466,Ngo5gei3dak1ngo5sai3go3go2zan4si4ngo5mou5ngo5mou5gan1keoi5heoi3,但係我記得我細個果時我冇跟過嘎我
2276687,2281777,Keng6mou5ah3mou5gaan1keoi5dei6heoi3go3jat1zi3dou1mou5Keoi5dei6heoi3Jat6Bun2heoi3Toi4Waan1ngo5jat1zi3dou1mou5heoi3go3,直情冇啊冇跟佢哋去過一次都冇佢哋自己去日本去台灣我一次都冇去過
2282052,2284461,Ha4daai6lok6ah3gam2ngo5dou1mou5gaan1keoi5dei6heoi3,哈大陸啊咁我都冇跟過佢哋去
2284761,2290299,Ha4Toi4Waan1dou1heoi3go3Daan6hai6ngo5zau6mou5heoi3go3Kei4gwaai3jan1mai6ngo5zi4gei2gok3dak1,哈台灣都去過但係我就冇去過奇怪就係因為我自己覺得
2291752,2293407,ngo5jau6m4hai6zi4gei2wan2cin2,我又唔係自己搵錢
2293662,2296098,tou3ngo5wan2dou2cin2ngo5zi4gei2bei2cin2heoi3,到我搵到錢我自己俾錢去
2296338,2300898,Ngo5zau6m4soeng2faa1dai4ji4di1jan4ge3cin2Ji4ngo5zi4gei2ge3fu4mou5,我就唔想花第啲人嘅錢而我自己嘅父母
2301119,2303389,hing1dai4zi2mui5keoi5dei6gam1bun2dou1,兄弟姊妹佢哋根本都
2303698,2305323,jat1di1dou1mou5kei1wui4heoi3,一啲都冇機會去
2305643,2309718,Gam2ngo5gok3dak1m4ngon1lok6ha4gam2,咁我覺得唔安樂哈咁
2309909,2313280,li1go3zau6hai6ngo5zau6hai6ngo5hai6loeng5go3gaa1ting4zung1gaan1zoeng2daai6lo3,哩過就係我我系兩個家庭嘅中間長大咯
2313800,2314607,Ha4ngo5,哈我
2314836,2319335,zi4fu4zau6tin1fu4dou1bei2ngo5jat1go3bei2gaau3man6jeoi3ge3sam1le3zau6hai6,似乎就天賦天父得俾我一個比較敏銳嘅心咧就係
2319655,2325747,m4hai6jan1mai6ngo5hai6wut6zoek3fu4tung1zung1le3ngo5zau6m4gei3dak1zo3kei4taa1jan4dei6kei4taa1jan4jau6ge3,唔係因為我係活在富足當中咧我就唔記得咗其他人哋其他人有佢嘅
2325983,2330279,pan4kung4ge3jat1bin6tung4mai6keoi5dei6ge3zang1zak3ge3ngo5gok3dak1,貧窮嘅一便同埋佢哋嘅掙扎嘅覺得
2337845,2341385,jan1mai6zi2zung1ngo5dei6hai6bei4ngo5dei6soeng3go2doi6,因為始終我哋係被我哋上一代
2341541,2344294,zau3daai6le3daai3daai6le3keoi5dei6dou1ging1lik6go3,湊大咧帶大咧佢哋都經歷過
2344464,2347271,zin3zang1le3dai4ji6zi3sai3gaai3daai6zin3le3do1sou3dou1,戰爭喇第二次世界大戰喇多數都
2347455,2351597,jyu4gwo2zeoi3lou2di1tong3ngo5baa4baa1kei4saat3ging1lik6go3tai2ha2sin1,如果再老啲好似我爸爸其實經歷過睇下先
2351823,2360130,Dai4jat1zi3sai3gaai3daai6zin3keoi5hou2sai3ze3jat1gau2jat1baat3Keoi5hai6jat1gau2jat1gei2lin4ceot1sai3lo3gam2taai3sai3la3gei2seoi3Daan6hai6keoi5ging1lik6dai4ji5zi3sai3gaai3daai6zin3le3,第一次世界大戰佢好細啫一九一八佢係一九一幾年出世咯不過太細喇幾歲咋唔會行但佢經歷過第二次世界大戰喇
2360309,2363887,Gam2so2ji3keoi5gaau3tou4ngo5dei6le3dou1hou2do1je5le3jiu3,咁所以佢教導我哋咧都好多嘢咧要
2364053,2368892,mou5saai3ah3zip4gin3zoeng1ngo5dei6dou1jau5gam2ge3bei2keoi5jing2hoeng2Daan6hai6ngo5dei6haa6jat1doi6le3,冇嘥啊節儉咁所以我哋都有咁嘅記憶影響但係我哋嘅下一代咧
2369097,2373595,zau6syun3mou4loen4ngo5dei6dim2gong2dou1hou2le3keoi5dei6zan1hai6mou2ging1jyun6zyun6dou1,就算唔係我哋點講都好咧佢哋真係唔冇經完全都
2373774,2374753,ze1hai6zeoi3gak3,啫係
2374899,2378035,syu1jyun6ngo5dei6mou5ging1lik6daan6hai6ngo5dei6baa4baa1maa4maa1kaan2di1la3,雖然我哋冇經歷但係我爸爸媽媽經歷過近啲喇哈
2378207,2382314,ngo5gaat3jat1doi6le3zau6keoi5ge3ging1lik6go3Gam2ze1hai6taai3jyun5la3,我嘅下一代咧就係佢嘅經歷過咁啫係太遠喇
2382494,2383979,Ze1hai6za1m4do1,啫係差唔多係一個
2384366,2387534,wui6m4gok3dak1ha4,咁邊會唔覺得哈
2387701,2391390,Gam2daan6hai6ngo5dou1gok3dak1seoi1jin4hai6gam2le3,咁但係我都覺得雖然係咁咧
2391771,2398208,zi4gei2bun2san1ge3gaa1ting4go2go3gaau3juk6le3dou1jau5jing2hoeng2ga3La3seoi1jin4ngo5di1haai5zi2le3seng4jat6dou1,自己本身嘅家庭果個教育咧都會有影響嘅雖然我哋孩子咧從來都
2398373,2399211,ze1hai6,啫係
2399614,2404539,ting1dou1mou2mat1dim1ting1go3di1gong2go2di1waa6gam2san1fu2dim2caam2dim2go3kei4saat3,聽都冇冇乜點聽過啲講果啲哇點辛苦點慘啲我其實
2404687,2407880,ngo5dei6hai6Hoeng1Gong2go2zan4si4lok6ling6lin4doi6kei4saat3dou1,我哋系香港果陣時六零年代我哋其實都
2408054,2413149,Sei3jat1sin1jau5jat1zi3seoi2ga3Jan1mai6ta2daai6fong1ah3tung4mai6hong2zoi1ah3hou2do1jat6mou5seoi2ah3,四人先有一次水嘎因為打大風啊同埋旱災啊好多嘢冇水嚟
2413367,2415618,Ngo5dei6dou1hou2siu2gong2bei2keoi5ting1ah3,我哋都好少講俾佢聽
2415830,2418573,Ngo5dei6dou1mou5mat1dim2joeng3ging1lik6go3li1di1caam2je5ga3,佢哋都冇乜點樣經歷過呢啲慘嘢嘎
2418959,2424029,Daan6hai6ngo5dou1faat3gok3jyun6loi6jat1go3le3dou1ho2ji3jing1hoeng2ngo5ge3haa6jat1doi6,但係我都發覺原來一個咧都可以影響我嘅下一代
2424230,2426125,Ze1hai6ngo5zau6hai6ngo5hai6hou2,啫係我就係我係好
2426395,2429888,hou2zip3gin4ge3hou2ge3,好節儉嘅啊好嘅
2430069,2433534,Di1je5m4wui6lyun6gam3sai3lyun6gam3bek4ge3Tung4mai6,啲嘢唔會亂咁嘥唔會亂咁擗嘅同埋
2433966,2436854,seng4jat6gei3lim3dou3le3ngo5jau5ze1hai6hou2do1jan4mou5,成日紀念到咧我有遮有好多人冇
2437089,2440274,Gam2ngo5gok3dak1ngo5li1go3gam2joeng2ge3,咁我覺得我依個咁樣嘅
2440629,2443386,sam1taai3ngo5lam2je5tung4mai6zou6je5le3,心態我諗嘢同埋做嘢咧
2443616,2444946,hai6keoi5dei6dou2,係佢哋唔到
2445246,2449308,So2ji3ngo5gok3dak1hai2ngo5dei6jaap6min6ngo5di1haai3zi2le3keoi5dei6zau6m4do1,所以我覺得系我哋入面我啲孩子咧佢哋就唔多
2449509,2450591,hai6,係
2452861,2456446,Dai4jat1keoi5dei6dou1m4hai6gam2gam2jau6mou5me1,第一佢哋都唔係咁咁佢哋冇冇乜
2456618,2459013,mou2ah3daan5hai6keoi5dei6m4wui6zeoi1kau4jat1di1le3,冇啊但係佢哋唔會追求一啲咧
2459183,2461491,hai6hou2ge3je5,係好嘅嘢
2461667,2465679,Keoi5dei6dou1hai6hou2ge3go3daap6sai3jiu3zou6jan4lo3Daan6hai6,佢哋都係好嘅腳踏實地做人咯但係
2466079,2470006,ze1hai6tai2faan1tung4keoi5dei6ge3le3,啫係再睇返同佢哋嘅咧
2470157,2473748,gam2jau6hou2do1jan1mai6keoi5dei6uk1kei5waan6geng2fei1soeng3hou2le3,咁有好多因為佢哋根本屋企實在環境非常好喇
2473891,2474958,gam2keoi5dei6ho2ji3jau5,咁佢哋可以有
2475143,2477170,ge3ah3,嘅啊
2477321,2480621,zeoi4si4ho2ji3heoi3gaam3gei1ah3Waa6ze2me1je5gam3le3,又隨時隨地可以去撳機啊或者咩咁咧
2481150,2483886,keoi5dei6ho2lang4zau6m4hai6hou2zi1dou3jyun6loi6,佢哋可能就唔係好知道原來
2484188,2485763,jau5di1je5keoi5dei6m4seoi1jiu3lo3,有啲嘢佢哋唔需要咯
2485991,2490059,So2ji3ngo5dei6gaau3di1haai3zi2,所以我哋教哋孩子同
2490367,2491092,ze1hai6,啫係
2491295,2494140,m4tung4ga3lei5lei5ge3m4hai6jat1teng4jiu3ga3,唔同嘎你啊你嘅唔係一定要嘅哈
2494287,2497348,Gam2li1go3ngo5lam2ngo5di1saam3go3haai3zi2ji4gaa1ji3ah3gei2seoi3la3,咁哩個我諗我啲三個孩子佢哋宜家都廿幾歲喇
2499704,2503825,Hou2zing1zo2zi1dou3so2ji3keoi5dei6maai5je5hou2siu2sam1m4wui6lyun6maai5je5ha4,好清楚知道所以佢哋買嘢好小心唔會亂買嘢哈
2504099,2505442,Gam2,咁
2505740,2509381,seoi1jin3keoi5dei6di1pang4jau5jau5di1dou1ho2lang4dou1hou2faa1cin2daan6hai6keoi5,雖然佢哋啲朋友有啲會可能都都花好多錢但係佢
2509942,2513822,hai6keoi5dei6ge3hou2pang4jau5go2di1le3Keoi5dei6dou1tung4jat1go3ge3,係佢哋嘅好朋友嘅果啲咧佢哋都係同一個嘅
2514155,2516585,Keoi5dei6zau6m4wui6waa6Ngo5zau6hou2gu1hon4,佢哋就唔會話我就好孤寒
2516786,2519752,Keoi5zau6hou1faa1cin2Gam2keoi5loeng5go3m4wui6taai3hou2pang4jau5,佢就好花錢咁佢兩個咧唔會太好朋友
2519981,2524938,Ha4daan6hai6keoi5daai3gaa1jat1zai3M4jat1ting4jiu3gu1hon4ga3daan6hai6ngo5dei6haan1gin4m4hai6jat1ting4gu1hon4ga3ha4,哈但係大家一齊其實唔一定要孤寒嘎但係我哋係慳儉唔係等於孤寒哈
2525418,2526940,Gam2,咁
2527914,2531610,Tai2dai4ji5di1haai3zi2jau5di1le3hai6jan1mai6keoi5dei6fu4mou5ge3l3,睇第啲孩子咧有啲係因為佢哋父母嘅咧
2532224,2535122,ji3ziu3keoi5ge3haai3zi2le3gam1bun2m4zi1dou3le3,以致到佢嘅孩子咧根本唔知道咧
2536499,2538621,gam2do1jan4hoeng2,咁多人嚮
2539015,2540291,dai4ji6di1dei4fong6le3hai6,第啲地方咧係
2540840,2542882,hai6hai6sau4gaan2fu2ga3,係係受緊苦嘅
2543118,2545844,Hai6keoi5dei6gam1bun2zau6,係佢哋根本就
2548003,2550259,Daan6hai6kei4saat3hou2do1je5lei5me1,但係其實好多嘢你咩
2550511,2555595,lei5tai2tin6si6ah3ah3lei5heoi3do1gei1gaau3jat1mong6zau6tai2dou2daan6hai6,你睇電視啊啊你個好多果啲一望就睇到但係
2555809,2558970,zi6fu6keoi5dei6mou5da2heoi3keoi5dei6go3sam1go3zik6ngaan5zing1lo3,似乎佢哋冇打開咗佢哋心果隻眼睛咯
2559237,2563353,Ze1hai6ngaan5hai6mong6dou2Ting1hai6ting1dou2,啫係眼係望到聽係聽到
2563518,2565006,hou2zi3gam2gong2,好似咁講
2565208,2566699,So2ji3ngo5zau6gok3dak1,所以我就覺得
2566925,2569099,fu4mou5ge3zaak3jam6le3zau6hai6,父母嘅責任咧就係
2571549,2572960,Ha4baat3go3keoi5m4gaan1,哈不過佢唔跟
2573137,2574564,ngo5m4wui6ngo5m4wui6ho2ji3,我唔會我唔會可以
2575026,2576821,gaam1keoi5dei6gaan1ngo5Daan6hai6,監唔到佢哋跟我
2577087,2578147,ziu3fu4keoi5dei6hai6,似乎佢哋係
2581414,2585356,Daan6hai6keoi5dei6mou5gam2zou6lo3,但係佢哋冇咁做咯
2585554,2587960,Gam2ngo5li1joeng3le3ngo5hou2gam2ze6tin1fu6,咁我哩樣咧我好感謝天父
2594774,2598758,ngo5dou1hou2do1ga3gaau3haai3zi2,我都好多嘎教孩子
2598973,2601145,ha4jiu3jau5lai3mau3la3,哈要有禮貌喇
2601326,2602914,Hai6zau6,係就係
2603116,2605218,sik6je5gon2si4hau6jau5di1me1la3,食嘢果時有啲咩喇
2605461,2610333,ze1hai6deoi3jyu3lou5jan4gaa1,啊啫係對於老人家
2610419,2613611,jiu3ah3deoi3di1fu6mou5jiu3ah3m4ho2ji3,要啊對於父母要啊唔可以
2614275,2616343,gong2je5,講嘢
2617227,2621125,ze1hai6mou5mou5mou5lei4hau6gam2gong2le3ngo5m4wui6zip3sau4ga3,啫係冇冇冇禮貌咁講咧我唔會接受嘎
2621625,2623472,Keoi5dei6jiu3zing3ging1zeoi3gong2go3ha4,佢哋要正經再講過哈
2624610,2625534,keoi5dei6sai3ngo5,佢哋細我
2625956,2628674,keoi5dei6sai3go3go2zan4si4ngo5gaau3keoi5dou1gei2jim6,佢哋細個果時我教佢哋都幾嚴嘎
2629312,2631493,Jan1wai6ngo5gok3dak1le3sai3go3lei5m4,因為我覺得咧細個你唔唔
2632371,2634737,zing2hou2go3le3,整好個個咧
2634914,2637232,keoi5dei6zau6m4zi1dou3bin1dou6hai6go3,佢哋就唔知道邊到係個
2637437,2638497,Keoi5dei6lyun2gam3zung1,佢哋亂咁舂
2638757,2641708,Dou3dou6daai6go3sin1sau1dou2go3le3keoi5dei6zau6m4,到到大過先自收到個咧佢哋就
2641898,2644518,gok3dak1lei5hou2ca1la3dim2gai2sai3go3m4hai6gam2ji4gaa1hai6gam2,覺得你好差咯點解細個唔係咁宜家係咁喇咁
2644727,2646907,So2ji3sai3go3jat1ting4jiu3sau1hou2go3,所以細個一定要收得好好嘅
2647097,2650672,Gaan2di1dou2m4gaan2jiu3Daai3dou3daai6go3sin1hoi3zi2fong3jan1mai6keoi5dei6,緊啲都唔緊要但係到大過就開始放因為佢哋
2650833,2654532,hai6ji2ging1jau5zi4gei2go3heoi3lam2di1je5zing1zo2zo2Lei5zau6,係應該有自己嘅去諗啲嘢清清楚楚你就
2654772,2656925,lei5gwak1zyu6keoi5dou1mou5jung6keoi5wui6diu3ceot1heoi3ga3la3,你住佢都冇用佢會跳出去嘅喇
2657100,2660278,Hai6m4hai6So2ji3ngo5gok3dak1ngo5gaau3keoi5dei6go3fong1faat3hai6,係咪所以我覺得我教佢哋嘅方法係
2662315,2665866,saap6ji3seoi3ji6haa6waa6ze2saap6seoi3ji6haa6dou1hou2la3ngo5dou1hou2jim6ga3,十二歲以下或者十歲以下都好喇我都好嚴嘎
2666089,2672611,m4ho2ji3lyun2lei4ga3Ha4jau5si4bei3jyu4keoi5dei6le3jau5di1jan5dak4jin6gaan1zau6,嗯唔可以亂嚟嘎哈係有時譬如佢哋咧有啲人咧就突然就又
2672780,2674034,heoi3zi2jan1mai6lei5ji2ging1,開始因為已經
2674243,2676405,saap6ji3saam3sei3seoi3la3,十三四歲喇
2677052,2678617,Jat1fong3zan3gaa3zau6heoi3tai2hei3wo3,一放親假就去睇戲喔
2679150,2684306,Gam2ngo5zau6waa6ngo5waa6li1go3m4hai6ngo5lei4ga3Gam2ngo5waa6bei2ngo5di1zai2loi5ting1,咁我就話我話呢個唔係我嘅嚟嘎咁我話俾我啲仔女聽
2686597,2692412,zi3zi3dou1jiu3heoi3tai2hei3sin1ngon3lok6lo3m4dak1ge3gam2joeng3,咁啊次次都要去睇戲先安樂我話唔得嘅咁樣
2695361,2696621,Ngo5ziu6wa3ting1le3,我有次話佢聽咧
2696870,2699407,fong1ga3le3jiu3wan2dai4ji3di1jau5,放假咧你要搵第啲有
2699634,2705456,Ngo5waa6tai2hei3le3hou2tai2ge3hei3dou1hai6jin1goi3tai2Daan6hai6m4hai6jat1ting4jiu3jat1ceot1zau6tai2ga3ma3,我話睇戲咧好睇嘅戲都係要應該睇但係唔係一定要一出嚟就睇嘎嘛
2707284,2711858,Ngo5waa6lei5dai4jat6ceot1zo2heoi3maai5ze3go3dou1m4zi1gei2peng3,我話你第日佢咪出咗你去去買隻借隻唔知幾便
2712108,2714178,gei2hou6zi2jat1zik6dou2la3daan6hai6maai5mai5dou1hai6,幾毫子一隻到喇但係買埋都係
2714415,2716550,saap6man1baat3man1gong2zan1jat1di1dou1m4gwai3,十蚊八蚊講真一啲都唔貴
2716729,2720553,So2ji3ngo5hou2faan2doi3le3jat1ceot1di1hei3zau6heoi3tai2lo3,所以我好反對咧一出啲戲就去睇咯
2720795,2724114,Jan1wai6ngo5waa6go2go3jan4le3hai6,因為我話果個人咧係
2724643,2730633,dou1dou1mou5waa2mou6liu6ge3Taai3gam2dou1mou5je5hou2zou6gam2joeng3zung1heoi3hei3jyun2gam2Jat1jaap6dou3heoi3zau6saam3go3zung1tau4,中中文講無聊嘎太過都冇嘢好做嘎咩去戲院一日到黑一入去就兩三個鐘頭
2730805,2732911,Ngo5bun2san1le3ngo5hou2siu2tai2hei3jan1mai6le3,我本身咧我好少睇戲就係因為咧
2733131,2734853,jyu4gwo2go2tou3hei3m4hai6hou2,如果果套戲唔係好
2735131,2736512,ngo5bei2zo2cin2jaap6heoi3le3,我俾咗錢入去咧
2736902,2742781,Hou2hou2gik3hei3ga3Lei5wan3zyu6ngo5saam3go3zung1tau4m4hai6ngan6zi2ge3man6tai4So2ji3ngo6jiu3zau2faan3ceot1lei4ha4,但係我好好激氣嘎你困住我三個鐘頭唔係銀紙嘅問題都話我可以走返出嚟係咪啊
2742976,2745920,Daan1hai6ngo5gok3dak1ngo5bei2zo2cin2sai3maai3ngo5di1si4gaan3le3,但係我覺得我俾咗錢嘥埋我啲時間
2746101,2747233,deoi3ngo5lei4gong2le3,對我嚟講咧
2747732,2750267,si4gaan3hai6ngo5sam1ming6jau6jat1bou4fan4lei4ga3ma3,時間係我生命嘅一部分嚟嘎嘛
2750479,2753083,Sai1zo2ngo5saam3go3zung1tau4le3ngo5sam1jaap6bin6mou2zo2saam3go3zung1tau4,嘥咗我三個鐘頭咧我個心入面冇咗三個鐘頭
2753242,2754718,gaan6hai6tai2maai5di1laap6saap3wo3,但係睇埋啲垃圾個喔
2754887,2756302,Gam2ngo5zau6wui6hou2mang2ga3,咁我就會好嘎喇
2756483,2760355,So2ji3ngo5hou2siu2tai2tai2hei3hai6jan1mai6le3lei5zan1hai6jiu3waa6hou2hou2tai2le3,所以我好少啲睇戲就係因為咧你真係話咧好好睇咧
2760539,2763251,gam2jau5si4ngo5jau6gok3dak1haai3zi4di1dou1wui6ceot1ceot1,咁有時我又覺得嗨遲啲都會出出
2763411,2766457,sai2me1gam3gan2zoeng1heoi3tai2ah3gam2,我駛咪咁緊張去睇啊咁
2766752,2768636,Gam2tong1jin4tai2hei3jyun2go3,咁當然睇戲院果個
2768920,2773114,m4tung4hai2go3uk1kei5Uk1kei5lei5ho2lang4jau5go3,唔同系個屋企屋企你可能有個
2774326,2777574,ge3daai6daan6hai6dou1m4tung4ga3,嘅大大都唔同嘅
2777759,2780315,Jan1mai6ngo5si3go3tai2jat1tou3hei3hai2hei3jyun2tai2go3,因為我試過睇一套戲嚮戲院睇過
2780562,2781670,hou2hou2tai2wo3,哈好好睇喔
2782075,2784584,Fan1dou3lei4zeoi3tai2dai4ji5zi3dou1m4hou2tai2ge3,返到嚟再睇第二次我都唔好睇嘅喔
2784767,2787280,Jan1mai6le3dak1haan4le3din6waa2jau6ling1ha5,因為咧得閒咧電話又拎下
2787485,2791538,dak1haan4ma1jau6giu3ha2ngo5haan4zau6ah3tai2zo2mat1dou1m4zi1dou3,得閒又又叫下我得閒乜又哎呀睇親乜到唔知道
2791727,2792742,Jan1mai6kei4saat3,因為其實
2792927,2798216,go3go2go3hei3fan1m4hou2lo3ho2Gam2so2ji3zan1zing3hou2ge3hei3hai6jin1goi1heoi3hei3jyun2tai2Li1go3ngo5hai6tung4ji3,果個果個氣氛唔好咯呵咁所以真正好嘅戲係應該去戲院睇呢個我都同意
2798404,2802039,Daan6hai6zau6bei4jyu5jau5di1hai6gam2lei5gaan2hai6jiu3heoi3tai2la3,但係就譬如有啲係咁你梗係要去睇喇
2802253,2803766,Gam2daan6hai6,咁但係
2804130,2809819,go2di1dou1gei2kwaa3ga3ngo5gok3dak1Jan1mai6ngo5gok3dak1sau1jap6gon2le3ngo5hou2hou2soeng2heio3tai2,果啲嘢都幾貴嘎我覺得所以我覺得一生人嚟講咧我我好想去睇
2809989,2813694,zung1jyu1dou1mou5tai2go3Jan1mai6le3jau5jat1zi3le3,終於都未睇過因為咧有一次咧
2813861,2815349,ngo5dou1gok3dak1keoi5hou2gwai3,我都覺得佢好貴
2815618,2817762,Gam2zung6jau5go3,咁仲有一個
2818289,2821190,zung6jau5jat1go3le3lei5,仲有一個咧
2822443,2824226,ha2,哈
2824506,2825782,Ngo5jau6hou2soeng2heoi3tai2,我又好想去睇
2825953,2827069,Daan6hai6gok3dak1waa3hou2gwai3,但係我覺得哇好貴
2827561,2834983,Gam2ngo5waa6ai3ja2tai2ha3di1ca1m4do1la3Gam2haau6loi6jau5jat1zi3ngo5mui5mui2hai2Mei5gok3ge3keoi5tai2zo3keoi5zau6maai5zo2,咁我又話哎呀睇下參唔多喇咁後來有一次我妹妹系美國嘅佢就買咗
2835281,2837483,jat1go3ze1,啫個啫個啫係啫係
2837684,2838785,Fong3ceot1lei4tai2,放出嚟睇
2838993,2840831,Waa6gam2dou1ca1m4do1la3,哇咁都差唔多喇哈
2841040,2844140,Seoi1jin4m4hai6zik3zip3ah3,雖然唔係直接現啊啊嘛
2844328,2848748,jyu4gwo2jau5di1dak6bit6ge3ah3,如果有啲特別嘅啊
2848972,2852133,Gam2wak6ze2ngo5dou1wui6se2dak1heoi3Daan6hai6,咁或者我都會捨得去嘎喇但係
2852384,2854516,ngo5jau6gok3dak1jau5si4ngo5gok3dak1ngo5wui6,我又覺得有時我覺得我會
2857358,2859686,bei5jyu4zeoi3kan4ngo5hai2fan1lei4,譬如最近我系返嚟
2860065,2863005,Keoi5go2dou6jau5hou2do1gu1ji3gam2,佢系果度有好多孤兒啊啲咁
2863206,2865128,keoi5dei6le3,佢哋咧
2865672,2869479,Mou5mou5seoi2zau6lei4gon1dak1hou2gan2jiu3Di1ho4mou5sai3seoi2zung1loeng3dou1mou5ha4,冇冇水就係乾得好緊要啲河冇曬水沖涼都冇
2870035,2877456,Ngo5jau6waa6jyu4go2ngo5faa1zo2hou2do1cin2heoi3tai2jat1zoeng3hei3zi1hai6hou2hoi1sam1hou2gou1hing3tai2zik3ngaan5hoi1sam1,我就話如果我花咁多錢去睇一場戲只係我好開心好高興睇隻眼好開心
2877893,2881383,ngo5bei2zo2li1go3cin2li1bat1cin2ceot1heoi3,我俾咗呢個錢呢筆錢出去
2881628,2884925,bong1dou2jan4zau6syun3do1loeng5dam3seoi2jam2le3,幫到人就算多兩啖水飲咧
2886131,2890884,so2ji3ngo5dou1jiu3le3,所以我都要咧
2894616,2896073,Li1go3ngo5dou1jiu3heoi3lam2jan1mai6,哩過我都要平衡因為
2896315,2900839,jiu3jyu4go2ngo5m4m4le3taai3do1le3ngo5zau6bin3zo2hou2zi3,如果我唔唔咧太多咧我就變咗咧好似
2901224,2905009,sik6jau6m4sik6do1do1zoek3jau6m4jiu3zoek3dak1hou2gam2joeng3zau6,食又唔食多多著又唔要著得去好好咁咧就
2905347,2907565,gam2jau6m4ngaam1ge3,咁又唔剛嘅哈
2907633,2908742,Ze1hai6,啫係
2909470,2912310,ze1hai6hai6m4hai6,啫係係咪啊
2912477,2915662,Ha4gam2li1go3ngo5jat1lou6dou1jau6ha4,哈咁呢個我一路都系到但唔係哈
2915837,2919660,So2ji3ngo5jau5si4lam2zyu6gam2lei5faa1gei2do1cin2heoi3le3,所以我有時候諗住咁你花幾多錢去咧
2920053,2924999,Gam2hou2zi3jat1go3gok3gaa1ge3gok3hing3ah3Gam2lei5jiu3fong1jin1faa1dou1hou2gwai3go3wo3fong1jin1faa1gei2baat3maan3go3wo3,咁好似一個國家嘅國慶啊咁放煙花好貴嘅喔放煙花幾百萬嘅喔
2925347,2926685,Gam2jau6fong1teng4m4fong1le3ha2,咁又係放定唔放啊嘛
2926926,2929748,jin1goi1fong1di1za2ge3jin1faa1gam2mai6peng4di1lo3,應該放啲渣啲嘅煙花佢咪便啲咯
2929944,2931235,fong1dyun2di1lo3,放短啲咯
2931332,2934882,Jyu4go2lei5soeng2haan1cin2le3zau6hou2dou1faa1daan6hai6ngo5gok3dak1le3hai6,如果你想慳錢呢條路但係我覺得
2935319,2936389,le3,咧
2939510,2941721,go2go3le3,果個咧
2941982,2943706,go2go3hing3zuk1le3jau6hou2gan2jiu3,果個慶祝咧又好緊要
2943897,2946816,Ha4ngo5dei6m4ho2ji3waa6mat1dou1m4zou6bin3zo2go3,哈我哋唔可以話啊乜都做變咗個
2950129,2953784,go2joeng3gam2ngo5jau6m4tung4ji3lo3Gam2zau6,果依樣咁我又唔同意咯咁啫係
2954111,2955954,leong5joeng3dou1jiu3Jiu3jau5,兩樣都要要有
2956790,2960053,hoi1sam1ge3jat6zi2daan6hai6jiu3jau5gei3lim6jan4dei6,開心嘅日子但係又紀念人哋
2961041,2964066,kung4kwaan3ge3si4hau6ngo5dei6ho2ji3bong1zau6heoi3bong1jan4lo3,窮困嘅時候我哋可以幫就去幫人咯
2971190,2974191,haai6zi2daai6ge3si4hau6le3keoi5dei6ji2ging1ming4baak6dou3le3,孩子大嘅時候咧我哋佢哋已經明白到咧
2974351,2976307,gaau2go3daai6le3m4hai6gei2,搞個大咧唔係幾
2976519,2980312,keoi5dei6hou2ji4gaa1hoi1zi2dou1m4hing3zuk1ga3Keoi5dei6kei4saat3,佢哋好時宜家開始都唔慶祝嘅喇佢哋其實
2983858,2986133,Jau5jat1lin4le3zau6ngo5tung4ngo5leoi5heoi3zo2,有一年咧就我同我個女去咗
2986571,2992246,go2dou3bong1ha3sau2ah3ling1zo2daai6deoi1je5bei2keoi5song3bei2keoi5dei6gam2joeng2,果度幫下手啊之類拎咗一大堆嘢俾佢送俾佢哋咁樣
2992461,2992941,Gam2,咁
2994763,2997828,keoi5dei6hou2hou2hou2keoi5dei6gok3dak1hou2jau5hai6m4hai6,佢哋好好好你覺得好有係咪
2998020,3003602,Gam2ngo5ji4gaa1gok3dak1go2di1hek3hok3wun4lok6ah3heoi3zou6le3dou1m4hai6,咁我宜家覺得果啲吃喝玩樂啊果啲咧啫係愛嚟做咧都唔係
3003793,3006263,ngo5dei6so2zung1ji3ngo5dei6zung1ji3gam2so2ji3,我哋所鍾意做我哋鍾意唔鍾
3006722,3008124,ha4gam2ngo5dei6wui6,哈咁我又會
3008343,3010463,gam2dou1jau5si3go3jau5jat1lin4ngo5,咁都有試過我有一年我
3010970,3014661,Ng5saap6seoi3go2lin4le3,五十歲果年咧
3015304,3018970,heoi3heoi3zo2ge3Heoi3zo2Ngau1Zau1leoi5hang4,去去咗去咗嘅去咗歐洲旅行
3019169,3020316,Gam2jau6mei5heoi3go3gam2,咁又未去咁
3020505,3023996,go2dou6go2di1dei6fong1Gam2jau6m4hai6heoi3dou3di1zeoi3gou1kaap1go2di1,去有啲地方咁又唔係去到啲最高級果啲
3024170,3025190,go2di1,果啲
3025652,3031522,leoi5hang4leoi5hang4tyun6le3ngo5dei6di1hai6tai1kap1di1Ze1hai6tai2ha3ca1zau6ca1m4do1la3gam2ha4,旅行旅行團咧我哋啲低級啲嘅啫係睇下差就參唔多喇就咁哈
3031737,3033607,Gam2jau5di1jan4zau6hou2zung1ji3heoi3ga3,咁有啲人又好鐘意去嘎
3033854,3037158,Ngo5bun2sang1zau6maa4maa2dei2zung1ji3Jau5di1zau6hou2mun6,我本身又麻麻哋嘎鍾意啫係有啲好悶嘎
3037342,3042471,Ze1hai6heoi3tai2gin4jyu4ging2jau6giu3ceot1lei4gam2Tai2mat1le3tai2zyu6go3hoi2la3dou1hai6,啫係淨係去睇鯨魚啊咁條鯨魚又唔見佢出嚟咁咁睇乜喇睇住個海一日到黑
3042639,3046846,Gam2soeng3bin6zau6gan2hai6bok3meng3sik6ga3ma3Jaa6sei3siu2si4dou1ho2ji3sik6,咁上邊你梗係搏命食嘎嘛你啫係你廿四小時都可以食
3047042,3047877,Daan6hai6fat3gok3,但發覺
3048268,3050275,waa3gam2lei4gong2,哇咁嚟講咧
3051479,3053138,jau5siu2siu2gam2gok3dou2la3,有少少感覺到喇
3053353,3054920,jaa6sei3siu2si4dou1ho2ji3sik6ge3,廿四小時都可以食嘅
3055153,3059123,Kei4saat3ngo5gok3dak1,我覺得
3059547,3061763,dim2ho2lang4jaa6sei3siu2si4dou1sik6je5,點可能廿四小時都食嘢
3061947,3065637,Bet1jyu4jan4jan4dou1m4wui6jaa6sei3siu2si4gai3zuk6sik6Daan6hai6ze1hai6waa6lei5jat1mat1daai6ngaan5zau6ho2ji3sik6,不如人人都唔會廿四小時繼續食但係啫話你大眼就可以食
3065861,3067903,Gam2mat1daai6ngaan5jau4jyun6seoi2jau6ho2ji3sik6,咁大眼遊完水你又可以食
3068120,3072372,Eh3nei5wan2jyun6mat1heoi3tou2jyun6cin2ah3jau6heoi3sik6gam2,你你玩完乜去賭完錢啊啊啊又去食咁
3072587,3073779,hou2hou2ah3,好好
3073991,3077212,ngo5gok3dak1so2ji3ngo5mou5mat1hing3coi3heoi3,我覺得好我冇乜興趣去
3077412,3080634,Wei3jau5di1lei5m4ho2ji3m4sik6mai6soeng3ngon6wan2lo3,喂有啲你唔可以唔食你上去岸到玩咯
3080848,3083771,Gam2ngo5dou1wui6lam2ha3jyu4go2jau5gei1wui4ngo5mei5heoi3go3,咁我都會諗下如果有機會我未去過
3083959,3086169,bei4jyu5,譬如
3086476,3089403,ah3heoi3go2di1dei6fong1ah3,啊去果啲地方啊
3089628,3095979,zau6syun3heoi3dou3ah3me1gam2ngo5dou1jau5hing3zeoi3jan1mai6go2dou6jau5,就算去到啊咩咁我又會有興趣去因為果度有
3096321,3100231,Gam2gam2ngo5ho2ji3syun2zak6m4sik6gam2do1je5ge3M4seoi1jiu3sik6gam2do1je5,咁咁我可以選擇唔食咁多嘢嘎唔需要食咁多嘢
3100447,3102714,Ngo5hai6soeng2tai2do1di1dei6fong1,我係想睇多啲地方
3106633,3108374,go2zan4si4keoi5zau2go3ge3dei6fong1,果陣時佢去走過嘅地方
3108597,3111585,Jan1mai6ngo5gau6lin2zau6heoi3zo2la3,啫係我舊年就去咗喇
3111829,3115760,Zau6gam2gam2hou2la3ha4,就咁咁好啊哈
3116104,3119108,Gam2ngo5gok3dak1gam1zi3heoi3zo2go3ge3,咁我咧今次去一個嘅
3119418,3120601,go2di1go2dou6,果啲果度
3120817,3126672,tung4mai6go2di1le3Ngo5ngo5lam2soeng2heoi3bat1go3cou5cin2lo3,同埋果啲咧我我諗我想去都係儲錢咯咯
3140524,3142271,ngo5di1sai3man1zai2m4ting1waa6,我啲細蚊仔唔聽話
3142675,3149851,seoi1jin3waa6le3ze1hai6di1jan4waa6Ah1m4da2dak1sai3man1zai2ga3li1dou6ha3jan4dei6gou3lei5ga3laau3lei5ga3,雖然話咧啫係啲人話唉唔打得細紋仔嘎呢到哈人哋吿你嘎鬧你嘎啊咁
3150058,3153169,ngo5dou1wui6siu2siu2da2pei3gu2ga3,我都會少少打屁股嘎啫係哈
3153341,3154666,Tung4mai6jau5si4,同埋有時
3155504,3158057,wui6hou2jim6lai4waa6keoi5ting1le3,會好嚴厲話佢聽咧
3161474,3165870,ah3,啊嘛
3166042,3167632,Keoi5gong2m4zeoi2lei5,要要去到講唔睬你
3168307,3170193,Jan1mai6,因為
3170381,3171990,Mou5jan4zeoi2lei5go2zan4si4hai6hou2cam2ga3,冇人睬你果時係好慘嘅
3172343,3176639,Dang2keoi5zi4gei2le3zung1man4giu3zou6zing3zo4ah3soeng3si1gei2go3ah3zi4gei2la1la1zi4gei2zou6zo2di1me1si4,所以自己咧中文叫做靜坐常思己過啊自己諗下自己做咗咩事
3176849,3178147,dim2gai2gik1dou3ngo5gam3lau1,點解激到我咁嬲
3181482,3182824,keoi5dei6m4ting1waa6gon2si4,即佢哋唔聽話果時咧
3183026,3184246,Ngo5hai6hou2lau1,我係好嬲
3184527,3186375,Gam2jau5si4keoi5dou1gik1dou3ngo5,咁有時佢都激到我
3186733,3188278,daai6seng3laau3dou1jau5daan6hai6ze1hai6,大聲鬧都要但係啫係
3188475,3190671,dong1jin3m4jing1goi1daai6seng3ai3le3Daai6seng3ai3mou5mat1jung6ge3,當然唔應該大聲一大聲鬧冇咩用嘅
3191312,3197993,Ze1hai6daan6hai6lei5jiu3zou6gung1la3faan1dou6lei4ziu3gu3di1gam2do1sai3man1zai2ah3gaa1mou4jau6zou6le3,啫係但係有時你要做工喇咁返嚟就照顧啲你咁多細蚊仔啊家務啊仲要咩
3198195,3200272,gam2jau5si4jyu4gwo2keoi5dei6m4ting1waa6le3,咁有時如果佢哋唔聽話咧
3201125,3206545,tai2ha3di1je5hai6Ze1hai6jau5di1je5le3hai6hou2ge3ze1hai6waa6,有啲嘢係亦啫係有啲嘢咧係好好嘅譬如話
3206885,3210379,lei5gan2hai6jiu3zung1loeng3ga3ma3hai6m4hai6Daan6hai6keoi5dei6dang2dou3le3,你梗係要沖涼嘎嘛係咪但係佢咧又等到咧
3210543,3212073,ngo5heoi3zung1go3zan4si4keoi5jau6heoi3zung1wo3,我去沖果時佢又去沖喔
3212709,3216633,Gam2mai6hou2faan3ga2ma3Ngo5ngo5uk1kei5jau5cat1go3jan4ga3ma3,咁咪好煩嘎嘛我我屋企有七個人嘎嘛
3217010,3217559,Gam2,咁
3217961,3221202,saap6dim2zung1ngo5hai6zung1loeng3go2go3jau6zung1loeng5gam2mai6zo2zyu6sai3ngo5zung1m4dou2lo3,十點鐘話去沖涼了個個又去沖涼咁咪阻住曬我沖唔到咯
3221437,3224942,Gam2ngo5zau6wui6di1ceot1lei4ha4Lei5m4zung1loeng3lei5mou5sik6faan3,咁我就會啲出嚟哈你唔沖完涼你唔好食飯
3225158,3227761,Ze1hai6lei5ho2ji3zou2zung1jan1mai6keoi6dei6saam3dim2gei2fong3hok6ah3ma3,啫係你可以早出去你佢哋三點幾放學了嘛
3228338,3229167,Gam2daan6hai6le3,咁但係咧
3229368,3233962,le3heoi3go3wo3Jan1mai6di1jan4le3,你咧佢佢個啵因為啫係咧
3234172,3235440,zung2zi1lei5teng4ceot1jat1di1,總之你定出一啲
3235647,3237429,le3jan4zau6hai6jiu3heoi3,咧人就係要去
3238028,3239096,jiu3heoi3go3ga3,要去嘎
3239309,3245454,Li1go3hai6hai6hai6lei4ge3So2ji3lei5m4tung6ge3bai2hai2dou3waa6ge3pai2le3,哩個係係嚟嘅所以你唔棟個牌系到話嘅嘅牌咧
3245684,3248335,di1jan4dou1m4wui6hoi1gam3faai3jat1ting4di1jan4zung4jiu3piu1faai3di1ga3,啲人都唔會開咁快你一定個牌啲人仲要飆快啲
3248529,3249169,Ze1hai6,啫係
3249342,3252697,li1go3hai6mou5zo2so2ji3jau5si4wui6gik1dou3lei5daak3daak3tiu3lo3,哩過係冇得所以有時會激到你達達跳咯
3252996,3255588,Gam2ngo5mei5git3fan1zi1cin4le3jan4dei6zau6waa6,咁我未結婚之前咧人哋就話
3256093,3260841,jyu4go2git1dak1ngo5lau1le3ngo5zeng2keoi5sik6je5dim2ah3Ze1hai6waa6li1go3gik1m4lau1ngo5ge3,如果激得我嬲咧我請佢食嘢添啊啫係話應該激唔嬲我嘅
3261046,3264137,Daan6hai6zau3sai3man1zai2zau3dou3ngo5ze1hai6jau5si4gik1hei3ah3,但係咧湊細蚊仔湊到我啫係有時啫係激氣啊
3264266,3266892,kei4saat3keoi5dei6dou1hai6m4sik1je5lo3sai3go3gon2si4,其實佢哋都係呃唔識嘢咯細個果陣時哈
3267227,3269545,Gam2ngo5jau6si4zau6waa6Waa3bin3zo2,咁我有時就係話哇變咗
3270181,3272052,zan1hai6jiu3daai6seng1laau3sin1dak1ga3daan6hai6,真係要大聲喇嚇死我咁啊大
3272214,3274216,lei5seng3jat6daai6seng3laau3hei3dou1mou5jan4ting1lei5gong2ga3,你成日又都冇人聽你過嘎
3274492,3280134,Faan2ji3jau5si4le3jyun6zyun6m4ceot1seng1haak3sei2keoi5dei6Ngo5m4ceot1seng1Ah3ma3lau2gaai2zau6m4ceot1seng1ga3la3,反而有時咧唔唔出聲嚇死佢哋唔出聲阿媽嬲到記就唔出聲嘎啦
3280289,3284002,Ha4gam2tung4mai6dou1jan1mai6baa1bi4hai6,哈咁同埋都因為係
3284215,3291075,keoi5zou6gung2hou2do1si4jiu3hai2ceot1bin6jau6je5jiu3hoi1wui2ah3gam2le3Gam2bin3zo2ngo5jat1go3jan4min3deoi3zyu6keoi5dei6le3keoi5jau6m4ting1waa6le3zau6,我丈夫好多時係日日出面有嘢要有開會啊咩咁喇咁變咗我一個人面對住佢哋咧個人唔聽話咧就
3291265,3292467,kei4jan1mai6mou5jan4lei5ha4,激氣因為冇人你哈
3292994,3295548,Gam2lei5sai3go3gon2si4le3,咁你細個果時咧
3295741,3299058,dou3daai6di1le3di1je5dou3le3zau6ngo5dou1mou5gik1hei3ge3,到大啲嘢啲嘢都咧就會冇乜好激氣嘅
3299271,3302832,Daan6hai6mui5jat1go3jan4dou1jat1di1,但係每個人都一啲
3303231,3306855,hai6hou2do1ge3sai3gaai3jaap6bin6hou2do1ge3ah3hou2do1ge3,有好多嘅世界入邊好多多嘅呀好多嘅
3309111,3315325,ge3je5Ze1hai6jan4jan4soeng2heoi3si3ha2So2ji3ngo5dei6zou6fu6mou5hou2soeng2di1sai3man1zai2,嘅嘢啫係想去試下哈所以我哋做做父母我哋又好想啲細蚊仔
3315546,3317511,jau5di1je5lei5m4si3dak1ga3M4tung4lei5,有啲嘢你唔試得嘎唔通你
3317723,3322321,jan4dei6waa6Ah3hai6hou2dak1ji3ah3si3ha2di1ah3si3ha2di1le3si3ha2di1mat1mat1,試下啲乜人人都話啊就好得意啊試下啲啊試下啲啊啫係乜
3322607,3325099,Me1fei3kau4jyun2ah3dou1m4si3dak1ga3ma3go2di1je5,咩咩揈頭丸啊都唔試得嘎嘛果啲嘢
3325272,3327282,Daan6hai6lei5jiu3faa1hou2do1zing1san4heoi3,但係你要花好多精神去
3327476,3330312,dim2gai2lei5m4hok6dak1m4si3dak1,點解你哋唔去得哈唔食得
3330512,3334357,Dong1jin4ngo5hou2gam2ze4san6keoi5dei6mou5si3go3keoi5dei6dou1mou5lam2go3Zing4hai6keoi5di1pang4jau5le3dou1,當然又好感謝神佢哋冇試過佢哋都冇諗過淨係佢哋朋友咧都
3334611,3337495,mou5lam2go3Daan6hai6jyu4go2lei5sik1dak1di1pang4jau5m4hou2le3,冇諗過但係但係如果你識得啲朋友唔好咧
3338027,3340097,daai3lei5heoi3lei5zau6gok3dak1hou2dak1ji3,帶你去你就覺得好得意
3340294,3342390,Waan2ah3le3gam2zau6caam2lo3,玩啊咧咁就慘咯
3342584,3345798,Gam2ngo5ting1man6ji4gaa1Hoeng1Gong2le3ge3ge3,咁我聽聞宜家香港咧嘅嘅
3346066,3348398,ge3ge3zau6hai6,嘅就係
3348593,3351056,Hou2do1hok6hok6sang1le3,好多孩學生咧
3351425,3352544,dou1kap1duk6,都吸毒
3352756,3355376,Ji5ze2hai6hou2sai3go3,而且係好細個嘎
3355997,3359767,cat1baat3gau2seoi3ah3go2di1dou1jau5,七八九歲啊果啲都有嗯
3362947,3363987,Gam2li1go3hai6,咁哩個係
3364233,3366820,jan1wai6jung6ji3di1zau2lat1ah3ma3,因為容易啲走甩啊嘛
3367048,3369409,Ze1hai6zuk1zuk1keoi5dou1fat4m4dou2me1la3,啫係捉捉佢哋都罰唔到啲乜喇咁樣
3369952,3372365,Li1go3hai6hou2hou2lo3jan1mai6,哩個係好好咯因為
3373434,3374261,ze1hai6,啫係
3374576,3376062,jau5hou2do1si4jau6faat3jin4le3,有好多時又發現咧
3376710,3380184,go2di1hai2bin1dou6lei4ge3le3Jyun6loi6hai2Gaa1Laa4Daai6wan6jaap6heoi3go3wo3ting1man6,果啲系邊到嚟嘅咧你話系加拿大運入去個喔聽聞
3380708,3384743,Hai6go2bin6jau6jau5m4zi1dim2wan3dou3,系果邊又有唔知點樣運到去啊
3385016,3388153,Ze1hai6,啫係
3388412,3393866,dong1jin3ngo5gu1zung3hou2do1dei6fong1ge3ah3ah3m4zi1bin1dou6dou1zou6la3m4zing1zo2la3ha4,當然我估仲有好多地方嘅啊唔知邊到都做喇唔清楚喇哈
3394077,3394760,Daan6hai6,但係
3395188,3395925,ngo5zi1dou3,我知佢
3405035,3407261,dim2gai2jiu3heoi3gaau3li1di1je5le3,點解要去搞呢啲嘢咧
3409844,3412402,hou2do1si4bei2jan4kaam2dou2di1,好多時俾人到果啲
3412555,3415620,uk1ah3go2di1daai6ma6uk1ah3waa6ze2di1ge3uk1le3,屋啊果啲大麻屋啊或者啲嘅屋咧
3415809,3418317,hou2do1hai6,好多係嚟咯
3425099,3427776,Hou2ze1hai6gok3dak1hou2zau2gwaai3lo3,好啫係覺得好醜怪咯哈
3428037,3428964,Gam2kei4saat3,咁其實
3429634,3432696,me1ge3ge3jan4dou1dou1zou6dou1jau5faan3zeoi6,咩嘅嘅人都都做都有犯錯
3433275,3435785,Jau5di1faan3dak1le3bei2lei5m4wui6bei2lei5zuk1dou2ge3zan1,有啲犯得叻果啲唔會啊俾你捉到啊真
3436241,3438591,Keoi5dei6go2di1keoi5zuk1dou2go2di1le3zi2hai6go2di1,佢哋果啲佢捉到果啲咧只係果啲
3438771,3439704,ma5zai2lei4ge3ze3,馬仔嚟嘅啫
3439893,3441163,Zuk1m4dou2go2go3le3,捉唔到果個咧
3441334,3442515,me1m4zi1la3ha2,咩唔知喇哈
3445052,3449617,hai6dou6ha2Zuk1dou2go2di1le3zau6hai6,哈捉到果啲咧就係
3450259,3452019,lei4ge3ze3,嚟嘅
3452495,3454011,Gwaa3zyu6gou1jan4me1,代罪羔羊咧
3454795,3456248,Zeoi3lik3go2go3m4wui6bei2lei5zuk1dou2ga3,最叻果個唔會俾你捉到
3456875,3458705,Daan6hai6li1gam3ge3je5le3,但係哩啲咁嘅嘢咧
3458952,3461652,zung6jau5di1hai6zeoi3ling4jan4sam1tung3go2di1hai6,仲有啲係最令人心痛果啲係
3462472,3464464,la3la3,喇喇
3464660,3466101,ah3,啊
3466364,3470363,jau5go3ge3,有個嘅
3470533,3471577,pang4jau5gong2ngo5ting1,朋友講我聽
3471745,3473729,keoi5jat1jat6le3wui6hai6jau5,佢一日咧每日係有
3474446,3479908,gau2maan3go3site3hai6san1ge3Ngo5me1gau2maan3ah3gau2maan3,九萬個係新嘅出嚟我話咩九萬啊九萬
3484566,3486432,Ze1hai6ngo5gok3dak1lei4pou2wo3mou5gam2do1ze3,啫係我覺得離譜啊冇咁多啫
3486631,3488365,Keoi5waa6hai6ah3zung6do1di1dou1jau5ah3,佢話係啊仲多啲都有啊
3488543,3493151,Jat1jat6gam2joeng2daan3ceot1lei4Di1jan4dou1m4zi1zo2hai2dou6zou6mat1go3wo3Ze1hai6ze1hai6jau5di1,一日咁樣彈出嚟啲人唔知坐系到做乜過喔啫係啫係
3494784,3496827,hai2dou6li1di1gam2joeng2ge3,系都哩啲咁樣嘅
3498559,3499840,Ngo5zan1hai6faat3gok3hou2caam2,我真係發覺好慘
3500042,3500692,Gam2,咁
3501046,3505670,sei3zyu6hou2zi3jat1go3ge3mou5dak1mou5dak1zo2zi2jan1mai6,好似一個嘅冇得冇得組阻止因為
3506110,3507246,dou1gei2laan4zuk1ge3,都幾難捉嘅
3507871,3514384,M4hai6m4dok6m4zuk1dou2zuk1dou2dou2daan6hai6hou2laan4Jan1mai6lei5zi1m4zi1jyu4go2dai4jin6gaan1jau5gei2gei2saap6maan3hai2dou6gaau3di1je5Dim2dim2zuk1le3je2,唔係唔到唔捉到捉到但係好難如果突然間有幾幾十萬人系到搞緊啲嘢你點點捉咧
3514579,3517819,Ze1hai6maan3lo3ze1hai6jiu3zuk1hai6hou2maan3Ze1hai6ngo5gok3dak1,啫係慢咯啫係要捉系好慢好似我覺得
3519937,3522596,Hou2zi3ngo5dei6li1go3,好似我哋哩過嘅
3524676,3526496,Zau6lei4wui6sei2ga3la3gam2joeng2ge3gam2gok3,就嚟會死嘎啦咁樣嘅感覺
3527357,3530921,le3ngo5zi1dou3,咧我又知道
3531344,3534605,jau5ceot1lou6ge3Jau6m4hai6hou2zi3ngo5lam2dak1gam3ca1,有出路嘅又唔係好似我諗得咁差
3537298,3539843,jyu4gwo2lei5zi1dak1taai3do1Lei5jyu4gwo2lei5heoi3ging2caat3gook2man6zing1,如果你知得太多你如果去警察局問
3539843,3541729,Zing1zo2di1do1di1le1lei5zik6zing6le3,清楚知多啲咧你直情咧
3542329,3545524,M4gam2zeoi3zi1jan1mai6taai3ca1,唔敢再知因為太慘
