5724,7897,O5giu3zou6,我叫做
11942,14462,Ngo5jat1gau2ng5sei3lin4ceot1sai3gam2,我一九五四年出世啊
16662,21207,Ngo5hai6ng5sap6sei3seoi3,我係五十四歲
24695,31010,Ngo5jau5luk6hing1dai6zi2mui3tung4maai6baa4baa1maa4maa1,我有六兄弟姊妹同埋爸爸媽媽
37519,38683,o5go4go1,我哥哥
40140,41500,ngo5jau5loeng5go3go4go1,我有兩個哥哥
41600,43080,ngo5dai6saam1,我第三
47993,49265,Ngo5hai2Hoeng1Gong2,我喺香港
58065,60042,Me1dai6jat1zyu6a3,乜第一住啊
64229,64874,Hoeng1gong2,香港
67780,75094,O4ngo5zyu6hai2e3sai3go3hou2sai3gon2si4le1zau6zyu6hai2muk6uk1keoi1,我住喺細個好細個時咧就住喺木屋區
75437,77157,Ze1hai6go2di1muk6uk1la1,即嗰啲木屋啦
77464,82330,Gam2jin4hau6le1lau1mei1luk6ng5seoi3luk6seoi3gon2si4le1,咁然後咧後尾六五歲六歲嗰時咧
82552,86047,zau6bun1zo2heoi3saai2zi3keoi1Ze1hai6le1,就搬咗去徙置區即係咧
86280,87774,zing3fu2ge3uk1,政府嘅屋
88123,89528,Zing3fu2lin4go3uk1,政府來個屋
89893,91499,giu3zou6saai2zi3keoi1hai2gun1tong4,叫做徙置區喺觀塘
97747,99967,Sang1wut6aa3Hou2kung4lo1,生活啊好窮囉
100601,102099,gam2le1e3,咁咧
103131,111915,jat1gaan1fong2zau6daai6joek3hai6ji6baat3cek3dou2la3Gam2a3zyu6baat3go3jan4,一間房就大約係二百呎到啦咁啊住八個人
112377,115305,Gam2a3mou5ci3so2lo1ci3so2hai6gung1gung6ge3gam2,咁啊冇廁所囉廁所係公共嘅
115564,120692,Gam2baa4baa1zau6faan1gung1Gam2maa1mi4zau6wui5hai2uk1kei1cau3ngo5dei6lo1,咁爸爸就返工咁媽咪就喺屋企湊我哋囉
126502,128163,ngo5ji4gaa1zyu6hai2Gaa1Laa4Daai6,我而家住喺加拿大
131259,133924,Zyu6bin1zung2uk1a3ngo5zyu6hai2go3,住邊種屋啊我住喺個
141314,147550,Ngo5ji4gaa1tung4ngo5go3zoeng6fu1tung4maai6ngo5go3leoi2zyu6zau6zyu6hai2li1go3jat1lin4,我而家同埋我嗰丈夫同埋我個女住就住喺呢個一年
151241,153913,la1jau5m4hai6dak6bit6zung1ji3,啦又唔係特別鍾意
154548,155857,Hai2,喺
160176,164624,Bin1zung2jan4a3Me1jan4dou1jau5ge2Jau5hou2do1hai6dung1aa2jeoi3ge3jan4la1,邊種人啊乜人都有嘅有好多係東亞瑞嘅人啦
164807,168342,jau5aa3baak6jan4la1jau5haak1jan4la1,有啊白人啦黑人啦
168511,170519,hou2dou1hou2,好啊都好
172842,174242,hou2aa3,好啊
176176,177536,hou2hou2do1,好好多
191647,195525,Ngo5baa4baa1maa4maa1ngo5baa4baa1le1ngo5baa4baa1maa4maa1dou1hai6zung1gok3,我爸爸媽媽我爸爸咧我爸爸媽媽都喺中國
196112,198236,Zung1gok3saan1tau4go2bin1,中國汕頭嗰邊
202412,203774,Hai6,係
207370,210151,Jan1wai6le1gon2si4zung1gok3daa2zoeng3,因為咧嗰陣時中國打仗
210464,213673,Gam2le1jau5gung6caan2dong3lei4la1gam2jin4hau6le1,咁咧又共產黨來啦咁然後咧
213878,216559,zau6daa2zoeng2daa2dak1hou2sai1lei4Gam2hou2do1jan4le1,就打仗打得好犀利咁好多人咧
216759,219218,dou3tou4laan4le1tou4zo2heoi3Hoeng1Gong2,都逃難啦逃咗去香港
228162,229232,Ngo5m4zi1wo3,我唔知喎
229675,232194,Bat1gwo3hai6hou2hau6saang1ga3ngo5lam2,不過係好後生㗎我諗
232810,235741,ji6sap6seoi3sap6leng4ji6sap6seoi3gam2joeng2,二十歲十零二十歲咁樣
236437,238223,Bat1go2ngo5m4zi1dou3,不過我唔知道
245165,247109,Dim2gaai2ji4man4lei4Gaa1Laa4Daai6a3,點解移民來加拿大啊
249277,253365,Ngo5go3zoeng6fu1le1hai2Gaa1Laa4Daai6duk6syu1ge2,我個丈夫咧喺加拿大讀書嘅
253527,256712,Gam2keoi5bat1zo2jip6zi1hau6le1zau6faan1zo2Hoeng1Gong2la1,咁佢畢咗業之後咧就返咗香港啦
256971,262884,Gam2jin4hau6le1faan1zo2lei5gam2keoi5zau6ngo5dei6zung1ji3ni1di1,咁然後咧啊返咗嚟咁佢就我哋鍾意呢啲
263208,267491,hou2hoeng1cyun1go2di1sang1wut6ge3Gam2,好鄉村個啲生活嘅咁
267684,273242,Gaa1Laa4Daai6le1ge3sang1wut6le1zau6bei2Hoeng1Gong2mou5gam3mou5gam3mong3lo1tung4maai6,加拿大咧嘅生活咧就畀香港咁冇咁忙囉同埋
273443,274776,do1di1,啊多啲
275002,277260,do1di1hung1gaan1la1do1di1dei6fong1la1,多啲空間啦多啲地方啦
277500,280250,tung4maai6di1tin1hei3jau6hou2syu1fuk6la1jau6,同埋啲天氣又舒服啦又
280525,283912,Jau6hou2leng3la1gam2so2ji5ngo5dei6mai6ji4man4go3lei4lo1,又好靚啦所以我哋咪移民過來囉
301327,303401,Ze1hai6hoi1ci2gon2si4laan4m4laan4a3,即係開始嗰時難唔難啊
303653,306114,laan4ga3gam2le1,難㗎咁咧
306477,310571,co1co1lei4gon2si4ngo5dei6jau5jat1go3leoi2la1loeng5seoi3la1,初初嚟嗰陣時我哋有個女啦兩歲啦
310822,314024,Gam2ngo5dei6le1loeng5go3dou1hai6,咁我哋咧兩個都係
314320,315380,mou5cin2ge3,冇錢嘅
315420,318430,Gam2so2ji5ngo5dei6hai6zou6je5ge3Gam2ngo5dei6dou1jiu3le1,咁所以我哋係做嘢嘅咁我哋都要咧
318510,319450,ci4zo2zik1,辭咗職
319784,323600,Gam2jin4hau6zau6gwo3lei4Gam2so2ji5go2dou3go3lei4le1zau6jiu3hoi1ci2,咁然後就過來所以過到過嚟咧就要開始
323710,325390,zi6gei2wan2je5zou6la1,自己搵嘢做啦
325529,329256,Gam2a3zi6gei2wan2je5zou6gam2a3,咁啊自己搵嘢做咁
330365,333380,ngo5go2di1gung1le1zau6wan2m4dou2ge3,我嗰啲工咧就搵唔到嘅
333615,336985,Jan1wai6le1ngo5hai6zou6go2di1,因為咧我係做嗰哋
339618,340510,gung1gwaan1,公關
341373,343015,Gam2ngo5wan2m4dou2gung1zou6,咁我搵唔到工做
343354,344147,Gam2ne1,咁咧
344494,346680,waak6ze2ngo5m4hai2li1bin1sik1,或者我唔喺呢邊
346750,349000,m4wui5sik1hap6wan2dou2jan1wai6ngo5go2go3,唔會適合搵到因為我嗰嗰
349160,350230,jin4jyu5le1,英語咧
350867,353797,go3lang4lik6le1mou5gam3hou2la1Gam2so2ji5le1,嗰能力咧冇咁好啦咁所以咧
354080,356927,zau6jiu3wan2jat1di1le1,要搵搵一啲咧
357160,361654,gaau3wai4dai1di1ge3gung1zok3la1Gam2ngo5zau6co2co2zau6wan2bei3syu1la1,較為低啲嘅工作啦咁我就初初就搵秘書啦
362388,363786,Gam2jin4hau6le1zau6,咁然後咧就
366852,368811,jin4hau6ngo5zau6heoi3duk6jing1man4,然後我就去讀英語
369292,373169,Gam2a3duk6jing1man2gam2gan1zyu6le1ngo5zau6zoi3heoi3duk6syu1la1duk6,咁啊讀英文咁跟住咧我就再去讀書啦讀
373500,375972,duk6wui6gai3duk6wui6gai3si1,讀會計讀會計師
376247,381830,Gam2a3jat1lou6haau3haau3haau3gam2a3zou6zo2sei3lin4Gam2a3haau2dou2go3wui6gai3si1paai3zi1hau6le1,咁啊一路考考考咁啊做咗四年咁啊考到個會計師牌之後咧
381940,384680,gam2zau6hoi1ci2zou6wui6gai3ge3gung1zok3la3,咁就開始做會計嘅工作啦
385503,387940,Gam2a3san1fu2ga3co1co1gon2si4,咁啊辛苦㗎初初嗰時
388289,391370,daan6hai6jat1ding6jiu3lo1Jiu3ji4man4go3si4hau6lei5go2go3,但係一定要囉要移民嗰時候你嗰個
391480,395120,hai6jyu5jin4la3jat1ding6jiu3gaau2hou2la1jyu4gu2m4hai6,係語言啊一定要搞好啦如果唔係
395315,397716,zau6hou2laan4hai2li1dou6sang1cyun4,就好難喺呢度生存
405444,407916,Ngo5hai6Hoeng1gong2go3hok6hau6a3Hai6,我喺香港嘅學校啊係
408190,410567,dim2joeng2dim2Lei5go3man6tai4hai6dim2,點樣點你個問題係點
415503,416795,Tung4lin4ge3hok6hau6,童年嘅學校
417160,417882,Ze1hai6siu2hok6,即係小學
418650,422260,Siu2hok6ge3hok6hau6hai2hai2gun1tong4lo1,小學嘅學校喺觀塘囉
422682,426016,Lei5ge3ji3si1hai6dim2hai6me1bin1fong1min6a3dim2,你嘅意思係點係咩邊方面啊點
432249,433830,keoi5hai2saa3si4keoi1lo1,佢喺徙置區囉
433890,435580,Gam2jau6hou2daai6ge3,咁又好大嘅
435802,437683,Jan1wai6le1seng3go3dei6ha2dou1hai6ge3,因為咧成個地下都係嘅
437930,440140,Gam2ngo5dei6mui2jat1baan1le1zau6jau6,咁我哋每一班咧就有
440210,444560,sei3sap6ng5go3jan4la1sei3sap6ng5,四十五個人啦四十五
444802,446100,Gam2jin4hau6zau6,咁然後就
452922,454490,Jim6ga3jim6ga3,嚴㗎嚴㗎
454600,457690,bat1go3le1ngo5dei6go2di1le1zau6giu3zou6gam1zi6taap3sik1,不過咧我哋嗰啲咧就叫做金字塔式
458252,459026,Ze1hai6,即係
459416,462396,gam2joeng2gam1zi6taap3sik1Gam2ze1hai6waa6le1,咁樣金字塔式咁即係話咧
462676,463615,lei5jat1lou6,你一路
463837,467502,duk6duk6duk6duk6duk6duk6gam2sing1sing1sing1sing1dou3luk6lin4baan1si4hau6le1,讀讀讀讀讀讀咁升升升升升到六年班之後咧
467745,470157,zau6dak1jat1baan1ho2ji5heoi3haau2,就第一班可以去考
470223,470851,wui6haau2,會考
472240,472840,wui6haau2,會考
473307,474983,Gam2le1siu2hok6jiu3haau2la1,咁咧小學要考啦
475442,476569,zung1hok6jau6jiu3ge3,中學又要嘅
476841,479466,Gam2so2ji5te4jat1baan1ho2ji5heoi3haau2Gam2,咁所以其實得一班可以去考
479822,483360,gam2bin1zo2m4hai6hou2do1jan4ho2ji5duk6dou2zung1hok6lo1so2ji5hou2do1jan4le1,咁變咗唔係好多人可以讀到中學囉所以好多人咧
483460,486160,hai6lei4duk6jyun5siu2hok6bat1jip6mou5syu1duk6ga3,係咧讀完小學畢業冇書讀㗎
488508,491729,Ngo5le1zau6hai6hai2go1baan1,我咧就係喺嗰班
491990,494573,zeoi3lek3go2baan1leoi5bin6go2tau4luk6go3,最叻嗰班裡邊個頭六個
494940,498762,Gam2so2ji5ngo5zau6ho2ji5jau5zung1hok6ngo5haau2dou2zing3fu2zi1zok3,咁所以我就可以有中學我考到政府資助
498949,502157,Go2di1zung1hok6gam2zau6heoi3zo2duk6zung1hok6lo1,嗰啲中學咁就去咗讀囉
509554,510205,Me1waa2,乜話
512248,514014,Zung2gung6zou6zo2gei2do1lin4syu1,總共讀咗幾多年書
515090,515967,Jau6,有
516597,518458,jat1lou6duk6dou2ji4gaa1,一路讀到而家
518458,519827,o6,喔
523739,525328,Sap6luk6,十六
525621,528528,jin4hau6le1zau6ji6sap6,然後咧就二十
529804,530902,Jaa6sei3,廿四
540790,542994,Duk6dou3keoi5dei6m4soeng2duk6wai4zi2lo1,讀到佢哋唔想讀為止囉
545114,549872,Mui2jat1go3jan4le1dou1hai6jiu3sing4jat6jiu3hok6zaap6ga1ma3,每一個人咧都係要成日要學習㗎嘛
550093,555127,Gam2seoi1jin4jau5si4m4jat1ding6waa6jiu3heoi3hok6haau6dou6duk6syu1,咁雖然有時唔一定話就去學校度讀書
555349,556457,Daan6hai6le1,但係咧
556673,558613,zi6gei2dou1ho2ji5duk6ga1ma3,自己都可以讀㗎嘛
558801,561750,Gam2so2ji5ngo5soeng2ngo5di1sai3lou6zai2dou1hei2ma5du1jiu3,咁所以我諗我啲細佬仔起碼都要
561820,564200,jau6daai6hok6bat1jip6la1,有大學畢業啦
564360,567310,gam2jin4hau6le1zeoi3hou2zau6jau6sek6si6le1Jan1wai6jyu4go2m4hai6,咁然後咧最好就有碩士啦因為如果唔係
567513,569743,ji4gaa1dou1hou2laan4wan2je5zou6ga3la3ma3,咁然後咧最好就有碩士啦因為如果唔係
569783,572160,Gam2gam2jyu4gwo2keoi5dei6zi6gei2zung1ji3lo3,咁咁如果佢哋自己鍾意囉
572260,575850,keoi5ho2ji5duk6maai6bok3si6dou1dak1lo1jyu4gwo2keoi5dei6zung1ji3,佢可以讀埋博士都得囉如果佢哋鍾意
576075,580079,Bat1go3m4zung1ji3m4sai2dou1dak1ge2Gam2mai6dang2keoi5dei6zi6gei2kyut3ding6lo1,不過唔鍾意唔洗讀都得嘅咁埋定佢哋自己決定囉
580980,583393,Bat1go3zeoi3siu2dou1jiu3daai6hok6bat1jip6ga3la3,不過最小都要大學畢業㗎啦
592235,593080,Mou5mat1so2wai6,冇乜所謂
593160,595550,keoi5dei6zung1ji3duk6mat1je5zau6duk6mat1je5la3,佢哋鍾意讀乜嘢就讀乜嘢啦
596381,598415,Zeoi3gan2jiu3keoi5dei6zung1ji3,最緊要佢哋鍾意
608509,609179,Mou5,冇
609519,610699,Mou5jan1wai6le1,冇因為咧
610908,614314,ngo5maa4maa1hou2hai2ngo5hou2sai3go3go3si4hau6keoi5zau6sei2zo2la3,我媽媽好喺我好細嗰個時候佢就死咗啦
614488,616790,Gam2so2ji5keoi5,咁所以佢
617735,620230,mou5dak1waa6bei2ngo5teng1ngo5jiu3duk6mat1je5,冇得話畀我聽我要讀乜嘢
621759,626330,Gam2le1ngo5baa4baa1le1zau6mou5mat1so2wai6ge3keoi5ceoi4ngo5dei6duk1mat1je5ge3Jan1wai6,咁咧我爸爸咧就冇乜所以嘅佢隨我哋讀乜嘢因為
626520,630327,Keoi5zi6gei2mou5duk6daai6hok6ga1ma3so2ji5keoi5gam1bun2m4sik1dak1,佢自己冇讀大學㗎嘛所以佢咁根本唔識得
630529,633661,waa6ngo5dei6jing1goi1jiu3duk6me1Keoi5dou1m4zi1daai6hok6leoi5bin6jau5me1duk6,話我哋應該要讀乜佢都唔知大學裡邊有乜讀
633927,635830,so2ji5keoi5keoi5,所以佢佢
636123,640513,Mou5mou5jat1ding6jiu3ngo5dei6duk6mat1je5duk6mat1je5gam2,冇冇一定要我哋讀乜嘢讀乜嘢咁
659121,661860,M1Me1kwai1geoi2bin1fong1min6ge3kwai1geoi2,乜規矩啊邊方面嘅規矩
672924,673611,Mou5a3,冇啊
674140,674900,mou5kwai1geoi2ga3,冇規矩
675649,677225,mou5kwai1mou5geoi2a3hai6a3,冇規冇矩啊係啊
680325,681886,Ngo5baa4baa1hou2zi6jau4ge3,我爸爸好自由㗎
683806,687130,Keoi5zi6gei2dou1mou5kwai1geoi2keoi5zi6gei2dou1hou2je6sin1faan1,佢自己都冇規矩佢自己都好夜先返
688770,690235,so2ji5mou5ga3,所以冇㗎
690833,693725,Zi3sai3dou3daai6ngo5dei6dou1hai6zi6gei2lei6zi6gei2,自細都大我哋都係自己理自己
694064,696268,Gam2mou5jan4lei6ngo5dei6ge3,咁冇人理我哋㗎
696900,697801,Gam2a3,咁啊
697987,699217,zi6jau4zi6zoi6ge3,自由自在嘅
700580,702275,soeng2zou6mat1zau6zou6mat1ga3,想做乜就做乜㗎
709368,710188,fat6a3,罰啊
710428,711330,dim2joeng2fat6faat3a3,點樣罰法啊
714469,715881,jau5jyu4go2ngo5dei6daa2gaau1,有如果我哋打交
718570,720295,Ngo5mou5bei2baa4baa1fat6go3,我冇畀爸爸罰過
720980,722473,jan1wai6ngo5m4daa2gaau1ga3,因為我唔打交㗎
723045,729188,Gam2le1ngo5go4go1ngo5dou1m4gei3dak1Zau6syun3jau5dou1hou2siu2,咁咧我哥哥我都唔記得就算有都好少
729695,732351,Ngo5go4go1waa6keoi5bei2baa4baa1fat6go3bat1go3,我哥哥話佢畀爸爸罰過不過
732598,733558,ngo5m4gei3dak1,我唔記得
734136,736434,Ngo5baa4baa1hou2siu2fat6ngo5dei6,我爸爸好少罰我哋
752751,754475,Lei5gong2sai3go3a3jan1wai6,你講細個啊因為
754602,755510,sai3go3gon2si4a3,細個嗰時啊
755580,759350,Ngo5baa4baa1seng4jat6dou1m4hai2dou6Ngo5faat6sang1dou2di1si4keoi5dei6dou1m4zi1ga3,我爸爸成日都唔係度我發生咗啲事佢哋都唔知㗎
759760,762690,Jan1wai6ngo5baa4baa1jiu3heoi3faan1gung1a1ma3ngo5dei6hou2kung4a1ma3,因為我爸爸要去返工啊嘛我哋好窮啊嘛
762904,765313,Gam2keoi5jat1go3jan2jiu3joeng6luk6go3sai3lou3zai2a1ma3,咁佢一個人要養六個細佬仔啊嘛
765542,769748,so2ji5ngo5dei6zi6gei2hing1dai6zi2mui6ngo5dei6faat6sang1me1si6keoi5m4zi1ga3,所以我哋自己兄弟姊妹我哋發生乜事佢唔知㗎
770236,774884,Gam2ngo5dei6zi6gei2le1zau6bong1hing1dai6zi2mui6Lei5bong1ngo5ngo5bong1lei5a3,咁我哋自己咧就幫兄弟姊妹你幫我我幫你啊
775522,776579,Gam2so2ji5,咁所以
776772,778641,hou2do1je5keoi5dou1m4zi1ga3,好多嘢佢都唔知
783446,785863,Jyu4go2jau5je5faat6sang1ngo5wui6wan2bin1go3a3,如果有嘢發生我會搵邊個啊
787617,789088,mou5jan4wan2ga3,冇人搵㗎
789805,790912,zi6gei1gaau2dim3lo1,自己搞掂囉
792480,793747,Gaau2m4dim3ma3haam3lo1,搞唔掂咪喊囉
796912,799705,Mou5ga3zeoi3m4hai6zau6jyu4gwo2jau5jan4haa1ngo5ma3,冇㗎再唔係就如果有人蝦我我就
799910,802140,zau2heoi3wan2wan2ngo5a3mui2heoi3laau3keoi5lo3,走去搵我妹來鬧佢囉
803443,805263,Jin4hau6waak6ze2wan2ngo5a3go1heoi3,然後或者搵我啊哥去囉
805567,806561,heoi3lau3keoi5lo1,去鬧佢囉
807512,809891,Gam2a3jyu4gu2,咁啊如果
810685,813428,mou5ga3ngo5dei6go3go3dou1hai6gam2ga3,冇㗎我哋個個都係咁㗎
826489,827200,Wui5ga3,會㗎
827400,830240,Wui5ga6ngo5ma1mi4ngo5ma1mi4hou2ziu3gu3ngo5dei6ga3,會但係我媽咪我媽咪好照顧我哋㗎
830270,832390,Keoi5mou5zou6je5keoi5zing6hai6hai2uk1kei2,佢冇做嘢佢剩係喺屋企
832654,836503,tai2zyu6ngo5dei6daan6hai6keoi5jau5lo2go2di1je5lei4uk1kei1zou6ga3hai2uk1kei2zou6,睇住我哋但係佢有攞嗰啲嘢來屋企做㗎喺屋企做
836788,838430,Gam2keoi5jau6hou2kan4lik6a3,咁佢又好勤力啦
838510,840370,zyu2faan6a3zou6je5a3gam2,煮飯啊做嘢啊咁啊
840506,844670,jau6jau6jau6lo2di1je5hai2uk1kei2zou6a3Gam2ho2ji5zaan3di1cin2a3gam2a3,有有有攞啲嘢喺屋企做啊咁可以賺啲錢啊咁啊
844765,846975,gam2ngo5bong1keoi5sau2zou6,咁我幫佢手做
847196,851524,Gam2hai6a3keoi5mei6sei2zi1cin4ngo5dei6zau6ngo5wui5gong2je5bei2keoi5teng1ha6,咁係啊佢未死之前我哋就我會講嘢畀佢聽哈
859005,861785,Ngo5gok3dak1di1leoi5jan2jing1m4jing1goi1zou6gung1,我覺得啲女人應唔應該做工
864444,865516,Hou2laan4gong2,好難講
867313,868689,zou6gung1,做工
870048,873594,man6tai4le1m4hai6jing1m4jing1goi1zou6gung1Man6tai4le1,問題咧唔係應唔應該做工問題咧
873931,876230,hai6dim2joeng2jung6lei5go3si4gaan3,係點樣用你嘅時間
877202,880028,Si4gaan3le1zau6dak1ji6sap6sei3siu2si4ga3la3,時間咧就得二十四小時㗎啦
880600,882759,Man6tai4hai6ngo5dei6dim2joeng2jung6ge3si4gaan3,問題係我哋點樣用個時間
883127,887832,Jau5di1leoi5jan4le1mou5faan1gung1daan6hai6hai2uk1kei1jung6si4gaan3jung6dak1m4hou2le1,有啲女人咧冇返工但係喺屋企用時間用得唔好咧
888379,890980,keoi5mou5bei2di1si4gaan3di1sai3lou3zai2le1,佢冇畀啲時間啲細佬仔啦
891322,892324,gam2le1,咁咧
892612,893841,dou1jat1joeng6m4hou2,同一樣唔好
894570,896391,M2le1jau5di1le1,咁咧有啲咧
896909,900046,leoi5jan2le1hai6faan1gung1daan6hai6le1keoi5,女人咧係返工但係咧佢
900530,902779,tai2haa6lei5dim2ma1joeng2on1pai4lei5di1si4gaan3lo1,睇下你點樣樣安排你啲時間囉
903351,905636,Zeoi3gan2jiu3hai6tung4maai6lei5go3sing3gaak3,最緊要係同埋你個性格
906324,911125,Ze1hai6jyu4gwo2lei5go3sing3gaak3hai6m4zung1ji3faan1gung1ge3hai6zung1ji3hai2uk1kei2tai2zyu6sai3lou3zai2ge3Gam2,即係如果你個性格係唔鍾意返工嘅係鍾意喺屋企睇住細佬仔嘅咁
911539,913900,gam2lei5jat1ding6jiu3heoi3faan1gung1lei5wui5gok3dak1hou2san1fu2,咁你一定要佢返工你會覺得好辛苦
914020,916000,Daan6hai6jyu4gwo2lei5go3sing3gaak3le1hai6,但係如果你個性格咧係
916262,918672,zung1ji3faan1gung1ga3,鍾意返工㗎
919558,921750,gam2m2lei5ho2ji5faan1gung1,咁咁你可以去返工
921790,926670,Daan6hai6le1jiu3a3jyu4gwo2jau5sai3lou6zai2ge3waa2le1jiu3lei5faan1gung1faan1lei4,但係咧要如果有細佬仔嘅話咧要你返工返嚟
926825,930340,jau5jan4tai2zyu6di1sai3lou6zai2Tung4maai6hai6jat1di1hou2ge3,有人睇住啲細佬仔同埋係一啲好嘅
930614,935338,hou2ge3Gam2jyu4go2di1sai3lou6zai2sai3le1zeoi3hou2zau6zi6gei2cau3Ze1hai6,好嘅咁如果啲細佬仔咧細咧最好就自己湊即係
935533,940197,pei3jyu4hou2sai3Pei3jyu4di1sai3lou6zai2hai6ceot1sai3dou3dou3keoi5jap6hok6zi1cin4gam2,譬如好細譬如啲細佬仔係出世到佢入學之前咁
940636,942877,Gam2le1zeoi3zeoi3hou2le1,咁咧最最好咧
943072,944645,zau6hai6zi6gei2tai2gam2,就係自己睇咁
944889,947868,Gam2zau6mou5gam3san1fu2kei4sat6zyu2jiu3hai6mou5gam3san1fu2,咁就冇咁辛苦其實主要係冇咁辛苦
948084,952116,Bat1go3jyu4go2go2go3leoi5jan2hai6m4zung1ji3tai2sai3lou6zai2le1gam2keoi5zau6,不過如果嗰個女人係唔鍾意睇細佬仔咧咁佢就
952319,955550,ceng2go3hou2ge3hai2dou6tai2ma3dak1lo1Keoi5zi6gei2faan1gung1,請個好嘅係度睇咪得囉佢自己返工
956610,958593,so2ji5ngo5gok3dak1hai6keoi5sing3gaak3lo1,所以我覺得係佢性格囉
959260,961730,Hai6keoi5ge3,係佢嘅
962951,966034,hai6keoi5zi6gei2ge3a3,係佢自己嘅啊
968966,971317,Hai6go2go3leoi5jan2zi6gei2go3,係嗰個女人自己嘅
974825,975721,Ngo5jau5,我有
977476,979277,Ngo5hai6zou6wui6gai3,我係做會計
985038,988834,Ngo5dai6jat1go3gung1zok3lei4lei4e3hai6bei3syu1,我第一個工作嚟嚟係秘書
990260,992098,Lau1mei1jau6duk6syu1gam2a3,後尾又讀書咁啊
992504,995306,haau2dou2wui6gai3si1paai4zi1hau6zau6zou6wui6gai3,考到會計師牌之後就做會計
995737,996947,Gam2,咁啊
997165,999435,lau1mei1jau5zou6zou6din6nou5,後尾又做做電腦
999763,1003368,Gam2lau1mei1ji4gaa1zau6jau6zoi3zyun3la3,咁後尾而家就又再轉啦
1004830,1005598,teoi3jau1gai3waak6,退休計畫
1016068,1018290,Zeoi3lei5soeng2go2fan6gung1a3dou3ji4gaa1,最理想個份工啊到而家啊
1018840,1020910,Zeoi3zung1ji3zou6zeoi3lei2soeng2ge3gung1a3,最鍾意做最理想嘅工啊
1028161,1029270,Ze1hai6ngo5mei6zou6go3ge3,即係我未做過嘅
1032415,1033500,Mou5lam2go3wo3,冇諗過喎
1033510,1035570,Jan1wai6ngo5fan6fan6gung1ngo5dou1gei2zung1ji3ga3wo3,因為我份份工我都幾鍾意㗎喎
1036295,1037325,Gam2so2ji5,咁所以
1037492,1038410,Ngo5dou2gei2,我都幾
1038500,1040930,gei2gei2gei2zung1ji3ga3ha4,幾幾幾鍾意㗎哈
1041194,1042297,Gam2a3,咁啊
1043925,1046429,daan6hai6fan6fan6gung1dou1jau5hou2jau5m4hou2lo1Ze1hai6,但係份份工都有好有唔好囉即係
1046900,1050841,lei5gang2hai6gam2ga3Mou5mou5mou5mou5waa6ga3di1je5,你梗係咁㗎了冇冇冇冇話嗰啲嘢
1050841,1051538,Mou5ga3,冇㗎
1051845,1054770,Gam2so2ji5mou5a3mou5gam2lam2go2waa6jiu3ga3,咁所以冇啊冇咁霖過話要啊
1056498,1059496,Ngo5zung1soeng2heoi3zou6mat1mou5gam3lam2ga3,我仲想去做乜冇咁樣㗎
1064262,1064927,Zeoi3me1waa2,最乜話
1065956,1067002,Gwaai6a3,怪啊
1067299,1069450,Jau5aa3jau5jat1fan6gung1hou2gwaai3ga3,有啊有一份工好怪㗎
1069598,1071608,Go2fan6gung1ngo5zou6zo2jat1lin4,咁嗰份工我做咗一年
1072500,1075827,go2fan6gung1le1hai6bong1Hoeng1gong2jat1go3hou2jau5cin2ge3,嗰份工咧係幫香港一個好有錢嘅
1076123,1077133,ge3gaa1zuk6,嘅家族
1077860,1079725,Giu3zou6Ho4Dung1hou2jau5cin2ge3,叫做何東好有錢㗎
1080146,1081400,Lei5jat1go3Ho4Dung1le1,你一講何東咧
1081638,1083448,go3go3jan4hai2Hoeng1Gong2dou1sik1ge3,嗰個人係香港都識嘅
1084515,1087402,Bong1keoi5gaa1zuk6bong1keoi5go3m4zi1hai6syun1waa6ding6mat1je5le1,幫佢家族幫佢個唔知孫啊定乜嘢
1087772,1089240,Gam2ngo5bong1keoi5le1zou6,咁我幫佢咧做
1090380,1091570,hang4zing3ging1lei5a3,行政經理
1092496,1095570,Daan6hai6le1hou2gwaai3ga3,但係咧好怪㗎
1095874,1098125,Keoi5zou6go2di1je5le1hai6hou2gwaai3,佢做嗰啲嘢咧好怪㗎
1098337,1100430,so2ji5le1zou6zo2jat1lin4ngo5zau2jan4a3,所以咧做咗一年我走人囉
1105521,1106960,Ngo5dou1m4zi1keoi5zou6mat1,我都唔知佢做乜
1109689,1113455,Jau5tung4keoi5se2a3seon3a3gei3a3seon3a3gam2jin4hau6le1heoi3keoi5jat1gaan1,有同佢寫下信啊寄下信啊咁然後咧去佢一間
1113681,1116012,keoi5gaan1uk1le1hai6daai6dou3le1,佢間屋咧係大到咧
1116247,1119220,hou2ci5go3hou2ci5go3go3go3gu2bou2gam2ge3,好似個好似個個個古堡咁嘅
1119440,1121235,Gam2joeng2le1zau6heoi3go2dou6le1,咁樣咧就去嗰到咧
1121445,1122780,zau6tung4keoi5se2seon3lo3,就同佢寫信囉
1122953,1125583,Gam2keoi5fan3gaau3zeoi3zoeng1zoeng1cong4zat1bin1le1,咁佢訓覺即開張床側邊咧
1125790,1128370,gam2a3jau5kei4taa1jan4hai2dou6ga3Ze1hai6m4hai6ngo5jat1go3jan2hai6dou6,咁啊有其他人係度㗎即唔係佢一個人喺度
1128740,1130860,Gam2keoi5le1zoeng1cong4zat1bin1le1jau5baa2daai6dou1,咁佢咧張床側邊咧有把大刀
1132670,1135650,Hoei3jyun5zi1hau6ngo5zau2jan4a3Mou2gaau2a3din1din1dei2,去完之後我走人了唔好搞癲癲哋
1136290,1137185,so4ge3,傻嘅
1148093,1150653,Jik6zo2jyu4gu2jan4dei6m4seoi1jiu3cin2,如果人哋唔需要錢
1150955,1152902,ngo5gok3dak1keoi5dei6jing1m4jing1goi1jiu3zou6gung1a3,我覺得佢哋應唔應該做工啊
1153078,1153630,Jiu3,要
1154050,1157270,Jat1jan4jat1ding6jiu3zou6gung1man6tai4hai6lei5zou6di1me1gung1,人人一定要做工問題係你做啲乜工
1157495,1160627,Jyu4gu2lei5m4seoi1jiu3cin2le1lei5ho2ji5heoi3zou6ji4gung1,如果你唔需要錢咧你可以去做義工
1160953,1162470,M4sai2sau1cin2ge3gung1,唔洗收錢嘅工
1162910,1163770,Jyu4gu2,如果
1163941,1167410,jyu4gu2jau5di1jau5sau2cin2ge3gung1dou1mou5mat1so2wai4Daan6hai6zau6m4hai6,如果有啲有收錢嘅工都冇乜所謂但係就唔係
1167590,1169577,m4hai6wai6zo2cin2heoi3faan1gung1lo1,唔係為咗錢去返工囉
1169873,1172800,Gam2keoi5zau6ho2ji5zou6keoi5zung1ji3ge3zou6ge3je5Waak6ze2,咁佢就可以做佢鍾意嘅做嘅嘢又或者
1172871,1175841,mou5m4seoi1jiu3cin2gam2mai6zou6ji4gung1dou1hai6jiu3heoi3faan1gung1,冇唔需要錢咁咪做義工都係要去返工
1176004,1177500,Jan4m4ho2ji5m4zou6je5ga3,人唔可以唔做嘢㗎
1177610,1179610,Jan4m4zou6je5le1wui6,人唔做嘢咧會
1180636,1182970,wui5hou2faai3le1bin1zo2mou5jung6,會好快咧變得冇用
1183140,1184346,Mou5jung6ge3si4hau6le1,冇用嘅時候咧
1184551,1186897,wui5hou2jung4ji6le1wui6sei2ga3,會好容易咧會死㗎
1187483,1190100,Zan1hai6ga3m4hai6gong2siu3tung4maai6wui5hou2jung4ji6,真係㗎唔係講笑同埋會好容易
1191834,1193041,M4sik1zung1man2dim2gong2,唔識做乜
1196507,1198923,so2ji5jan4hai6m4ho2ji5m4zou6je5ga3,所以人係唔可以唔做嘢㗎
1199765,1202917,Zau6syun3giu3lei5jat6jat6heoi3waan2le1lei5dou1m4waan2dak1gam3do1a3,有時叫你日日去玩咧你都唔玩得咁多啊
1203133,1204270,Waan2dak1do1jau5hou2mun6ga3,玩得多又好無聊
1204287,1206047,so2ji5jan4hai6jiu3jau5ji3ji6,所以人係要有意義
1206280,1208626,Ze1hai6go3go3sang1ming6hai6jiu3jau5ji3ji6,即係嗰個生命係要有意義
1208866,1212424,Dim2gaai2lei5jiu3sang1cyun4hai2li1go3sai3gaai3soeng6jat1ding6jiu3jau5,點解你要生存喺呢個世界上一定要有
1212605,1215917,tung4maai6le1mui5go3jan4dou1hai6hei1mong6zi6gei2jat6gok3dak1zi6gei2jau5jung6,同埋咧每個人都係希望自己有覺得自己有用
1216378,1219208,Gok3dak1zi6gei2mou5jung6le1lei5hou2jung4ji6le1wui6sei2ga3,覺得自己冇用咧你好容易咧會死㗎
1219445,1220586,wui5zi6saat3ga3,會自殺㗎
1233684,1234671,tai2le1,睇啦
1238978,1240394,Lei5gei3zyu6saai3keoi5a3,你記住晒佢啊
1253568,1254367,Jau5,有
1255104,1256374,jau5jat1baan1hou2pang4jau5,有一班好朋友
1260697,1263496,Hai2Gaa1laa4Daai6lo1Gaa1Laa4Daai6jau5jat1baan1hou2pang4jau5,喺加拿大囉加拿大有一班好朋友
1269006,1272931,Mou5dak1waa6gei2mat6ga3gau3m4gau3haa3jat1lin4gin3loeng5saam1ci3lo1,冇得話幾密㗎久唔久見下一年見兩三次囉
1276767,1277285,Gam2lo1,咁囉
1278639,1283321,Gam2ma3m4sai2hou2mat6ge2Dou1m4zi2loeng5saam1ci3ge2sap6ci3baat3ci3le3jan1wai6m4gin3Hai6lo1,咁啊都唔洗好密嘅都唔止兩三次嘅十次八次囉一年見係囉
1283592,1285360,Gam2a3sik6ha5faan6king1ha5gai2gam2joeng2,咁啊吃下飯傾下計咁樣
1285684,1286954,so4ha5gam2,傻下咁
1287474,1288319,Waan2ha5,玩下
1291377,1294926,Keoi5dei6hai6gaau3wui2di1pang4jau5gei1duk1tou4,佢哋係教會啲朋友基督徒
1295284,1296692,Gaau3wui2ge3pang4jau5hai6,教會嘅朋友係
1304283,1304905,Hai6,係
1305362,1305797,Hai6,係
1306568,1309085,Daai6bou6fan6dou1hai6daai6gaa1bui3ging2caa1m4do1,大部分都係大家背景差唔多
1309206,1313431,Hoeng1Gong2jan4daai6gaa1dou1hai2li1dou6duk6go3syu1ze1hai6caa1m4do1ga3hai6aa3,香港人大家都喺呢度讀過書即差唔多㗎係啊
1313583,1315511,Daai6gaa1dou1hai6gei1duk1tou4,大家都係基督徒
1323782,1325698,King1haa5gai2a3sik6haa5je5a3,傾下計啊吃下嘢啊
1328408,1331154,waan2haa5heoi3haa5leoi5hang4a3,玩下去下旅行啊
1333835,1335270,heoi3haa5heoi3haa5,去下去下
1335465,1336460,dyun2syun1a3,啊
1356898,1358155,Ze3gaa3ce1bei2keoi5dei6jung6,借架車畀佢哋用
1358294,1359719,Wui5dim2gaai2m4wui5a3,會點解唔會啊
1363169,1367521,jiu3tai2ha3keoi5hai6dou1dou1wui5ga3jan1wai6keoi5dei6zaa1ce1dou1gaa3,要睇下佢係都都會㗎因為佢哋揸車都㗎
1367753,1369692,jau5hai6uk1kei2,有係
1374190,1375055,Ngo5zaa1ce1,我揸車
1385688,1388160,Jyu4gu2ngo5seoi1jiu3jung6ce1daan6hai6ngo5mou5ce1,如果我需要用車但係我冇車
1388726,1390856,gam2ngo5wui5man6bin1go3ze3ce1a3,咁我會問邊個借車啊
1391345,1394639,Ngo5m4wui5jung6ngo5m4wui5man6jan4ze3ce1Ngo5heoi3zou1ce1,我唔會用我唔會問人借車我去租車
1396125,1397505,Ngo5m4zung1ji3man6jan4ze3ce1,我唔鍾意問人借車
1400240,1403153,Ngo5wui5heoi3zou1Ngo5jat1hai6heoi3daap3baa1si2lo1jat1hai6zou1ce1lo1,我會去租我一係去搭巴士囉一係租車囉
1408358,1411039,Gei2hou2a3Do1leon4do1go3baa1si2zai3dou6hou2hou2a3,幾好啊多倫多個巴士制度好好啊
1411575,1413146,Ha4ze1hai6hou2fong1bin6a3,哈即係好方便啊
1413399,1415779,Jin4hau6lei5daap3ce1heoi3bin1dou6dou1hou2fong1bin6,然後你搭車去邊度都好方便
1421066,1422480,Di1si1gei1hou2jau5lai5maau6,啲司機好有禮貌
1423054,1424199,Fei1soeng4zi1hou2,非常之好
1424380,1425842,Bat1go3ngo5hou2siu2daap3baa1si2,不過我好少搭巴士嘅
1425942,1430040,so2ji5ngo5lam2di1si1gei1hou2jau5lai5maau6lo1Ci3ci3daap3gon2si4keoi5dou1hou2jau5lai5maau6ga3,所以我諗啲司機好有禮貌囉次次搭嗰時佢都好有禮貌㗎
1431684,1432587,hou2hou2,好好
1438629,1440405,Gaa1Laa4Daai6jan4zaa1ce1dou1m4co3,加拿大人揸車都唔錯
1440720,1441390,M4co3,唔錯
1441794,1444215,Dou1hou2jau5lai5maau6ga3ze1hai6,都好有禮貌㗎即係
1444499,1448025,jat1bui3bun1pou4pin6lei4gong2le1dou1wui5jau5lai5maau6haa4,一遍普遍來講啦都會有禮貌哈
1457529,1459235,Ngo5mou5mat1dim2zung3faa1,我冇乜點種花
1462020,1463845,o5zung1m4zung1ji3zung3faa1ngo5lam2,我鐘唔鍾意種花我諗
1463960,1467280,Ngo5jau6m4hai6m4zung1ji3daan6hai6ngo5jau5mou5hou2zung1ji3lo1,我又唔係唔鍾意但係我又冇好鍾意囉
1473995,1474924,Zi6jau4si4gaan3,自由時間
1475304,1476205,ngo5di1,我啲
1478478,1481546,Ngo5a3tai2syu1la1taan4kam4la1,我啊睇書啦彈琴啦
1484073,1485519,heoi3haang4gung1jyun2la1,去行公園啦
1485756,1488540,zeoi3zung1ji3heoi3heoi3haang4gung1jyun2la1,最鍾意去去行公園啦
1489222,1491161,hai6gam2lo1,係咁囉
1492610,1493865,Co2hai2dou6m4juk1la1,坐喺度唔郁啦
1495115,1499377,Co2hai2dou6tau3sik1taan3sai3gaai3m4juk1aa3,坐喺度休息嘆世界唔郁㗎
1506960,1507835,Ngo5faat3mung6a3,我發夢啊
1508805,1510100,Dim2gaai2wui6man6gam2joeng2je5ge2,點解會問咁樣嘢嘅
1512930,1515307,Go3go3jan4dou1jau5faat3mung6jau5jau5faat3mung6,個個人都要發夢有有發夢
1519540,1520681,M4gei3dak1ga3,唔記得㗎
1521984,1523285,Zik1kaat1le1zau6wui5gei3dak1,即刻咧就會記得
1523300,1525145,Ji4gaa1gam2joeng1man6le1ngo5zau6m4gei3dak1la3,而家咁樣問咧我就唔記得啦
1525826,1526935,Daan6hai6jyu4gu2pei3jyu4ngo5,但係如果譬如我
1527028,1529325,ngo5fan6faat6sek6fan3seng2zo2gam2,我訓訓醒訓醒咗咁
1529416,1532371,gam2zik1kaat1le1gam2ngo5zau6wui5gei3dak1,咁即刻咧咁我就會記得
1537671,1538557,Mou5wo3,冇喎
1542382,1544034,Mou5wo3ze1hai6mou5,冇喎真係冇
1544565,1547878,Mou5dak6bit6jau5di1mung6wui5gei3zyu6hai2go3lou5leoi5bin6gong2ceot1lei4,冇特別有啲夢會記住喺個腦裡面講出來
1548146,1548671,Mou5,冇
1550511,1552042,Jau5ge3ngo5jau5faat3mung6ge3,有嘅我有發夢嘅
1554545,1558265,Jau5mung6jau5m4gei3dak1jan1wai6ngo5gei3sing3m4hou2a1Mung6jyun4mung6M4gei3dak1lo1,有夢又唔記得因為我記性唔好啊嘛夢完咪唔記得囉
1558620,1560890,Zan1si6dou1m4gei3dak1a3mou2waa6faat3mung6a3,真事都唔記得啊唔好話發夢
1580970,1583217,tung4jat1go3mung6faat3go3loeng5ci3aa3,同一個夢發過兩次啊
1585524,1587195,Ngo5lam2jau5ga3jing1goi1,我諗有嘅應該
1587414,1588587,Ngo5m4gei3dak1la3,我唔記得了
1588824,1592404,Ngo5gei3sing3m4hou2a3so2ji5ngo5zan1hai6m4gei3dak1Ngo5lam2jing1goi1jau5ga3,我記性唔好啊所以我真係唔記得我諗應該有㗎
1594950,1596568,Dim2gaai2wui5man6faat3mung6je5ge2,點該會問發夢嘢嘅
1606872,1607655,Hou2siu2,好少
1608326,1610321,ngo5hou2siu2fan3m4zoek6gaau3ge3,我好少訓唔著覺㗎
1610641,1613150,Jan1wai6ngo5hai6go2di1jat1luk1lok6cong4zau6fan3gaau3go2di1jan4,因為我係嗰啲落床就訓覺嗰啲人
1613680,1615660,Ngo5jyu4gu2fan3m4zoek4gaau3le1,我如果訓唔著覺咧
1617495,1623173,Saam1fan1zung1fan3m4dou2gaau3ngo5zau6waa6ngo5zi6gei2fan3m4zoek4gaau3kei4sat6ngo5ji4ging1fan3zo2gaau3bat1go2fan3dak1m4hou2gam2gaai2ga3ze3,三分鐘訓唔到覺我就話我自己訓唔著覺其實我已經訓咗覺不過訓得唔好咁解嗻
1623297,1626394,Ngo5zau6waa6ai1jaa1ngo5seng4maan5fan3m4zoek4kei4sat6ngo5hai6fan3zoek4zo2ga3,我就話哎呀我成晚訓唔著其實我係訓著咗㗎
1626750,1629165,Daan6hai6le1zau6ze1hai6fan3dak1m4m4lam3le1,但係咧就即係訓得唔暔啦
1630357,1632812,Gam2zau6waa6zi6gei2fan3m4zoek3zo2gaau3Ngo5hou2siu2,咁就話自己訓唔著覺我好少
1632955,1635096,hou2siu2ngo5si3go3,好少我試過
1636038,1638140,jau5jat1dyun6si4gaan3jau5fan3dak1m4hou2,有一段時間有訓得唔好
1638183,1639383,Ze1hai6zan1hai6fan3m4zoek4ga3,即係真係訓唔著覺
1639447,1642285,Zau6hai6ngo5maa4maa1sei2zo2gon2go2dyun6si4gaan3Haa4,就係我媽媽死咗個個段時間哈
1643052,1645210,Go2dyun3jau5jat1dyun6si4gaan3hou2coeng4haa5,個段有一段時間好長下
1645475,1648449,Zau6fan3dak1m4hou2la3gam2jat1fan3dak1m4hou2zau6beng3ga3la3,就訓得唔好啦咁一訓得唔好就病㗎啦
1649157,1651799,Ngo5ji4gaa1le1hai6sing1ngo5hou2fan3ga3,我而家咧係成我好訓㗎
1652345,1653860,Ngo5hou2siu2fan3m4zoek4gaau3,我好少訓唔著覺
1666879,1668140,Ngo5sik1m4sik1ngo5di1leon4geoi1a3,我識唔識我啲鄰居啊
1668156,1670915,Sik1ngo5sik1ngo5cung4ni1cang4go2di1leon4geoi1,識我識我呢層樓嗰啲鄰居
1671060,1672942,M4hai6zan1hai6m4hai6zan1hai6,唔係真係唔係真係
1673161,1675149,gam2sik1keoi5Daan6hai6le1,咁識佢但係咧
1675336,1676856,daa2ziu1fu2a3gam2joeng2,打招呼啊咁樣
1677087,1680674,a3gam2a3zi1dou3keoi5zou6haa5mat1je5a3zyu6hai2dou6gei2loi6a3,啊咁知道佢做下乜嘢啊咁住喺度幾耐啊
1681216,1682525,Jau5mou5heoi3gaau3wui2a3,有冇去教會啊
1689208,1689775,Ni1,呢
1690235,1692515,dak6zyu2jiu3zau6hai6ngo5dei6li1cang4la1gam2,主要就要我哋呢層啦咁
1692783,1693755,me1jan4dou1jau5,乜人都有
1693765,1696160,Ze1hai6lei5gong2keoi5dei6hai6me1zuk6jeoi6,即係你講佢哋係乜族裔
1697142,1699011,Me1,乜
1700093,1701760,me1jan4dou1jau5,啊乜人都有
1701776,1706041,Jau5di1baak6jan4la1jau5di1jan3dou6jan4la1,有啲白人啦有啲印度人啦
1706346,1707579,Jau5di1,有啲
1708338,1710495,zung1gok3jan4la1hou2do1zung1gok3jan4la1,中國人啦好多中國人啦
1720590,1724697,Ngo5zyu6hai2li1dou6jat1lin4so2ji5m4hai6hou2coeng4sai3Daan6hai6ngo5lam2wui6bong1ge3,我住喺呢度一年所以唔係好詳細但係我諗會幫嘅
1735995,1737018,Zung1ji3di1mat1je5a3,鍾意啲乜嘢啊
1738352,1739479,Bin1fong1min6a3,邊方面啊
1744986,1747076,Mou5mat1dak6bit6jan1wai6li1dou6,冇乜特別因為呢度
1747294,1748982,li1dou6di1zou1peng3a3ma3,呢度啲租便啊嘛
1750671,1752740,Gam2a3gam2a3zou1lo1,咁啊咁啊租囉
1753466,1756340,Gam2zaam6si4hai2dou6zyu6ze1ma3Gam2so2ji5mou5so2wai6a3,咁暫時喺度住嗻嘛咁所以冇所謂啊
1756340,1758465,Li1dou6zou1peng3jau6jau6fong1bin6,呢度租便又方便
1759221,1761447,Hai6aa3go2dou6hou2fong1bin6ga1ma3,係啊嗰度好方便㗎嘛
1761671,1764240,Gam2ngo5go3leoi2jiu3daap3baa1si2lok6heoi3a3ma3,咁我嗰女要搭巴士落去啊嘛
1764715,1766155,si2zung1sam1faan1hok6ma3,市中心返學嘛
1766348,1768919,Gam2so2ji5hou2fong1bin6gam2so2ji5ma6zou1lo1,咁所以好方便咁所以咪租囉
1769176,1773844,Gam2lei4dou3di1je5keoi5gun2lei5dak1dou2gei2hou2a3Hou2gon1zeng6go2di1je5gam2lo1,咁嚟到啲嘢佢管理得到幾好啊好乾淨嗰啲嘢咁囉
1774094,1774890,Zou1lo1,租囉
1778257,1780985,Ngo5ji5cin4zyu6hai2,我以前住喺
1781890,1783630,Gaa1Naa4Daai6aa3ngo5zyu6hai2,加拿大啊我住喺
1784160,1785358,Gam2a3,咁啊
1785758,1787125,hou2daai6gaan1hou2leng3,好大間好靚
1787509,1789390,Go1di1dei6fong1hou2hou2,嗰啲地方好好
1791661,1792916,bat1go3taai3daai6la3,不過太大啦
1793410,1794520,so2ji5maai6zo2keoi5,所以賣咗佢
1798945,1800348,Go3keoi1hou2hou2la3,嗰區好好啦
1800851,1803341,Go3keoi1di1hok6haau6jau6hou2di1,個區啲學校又好啲
1803853,1807250,di1dei6fong1jau6hou2lo1hou2hou2ge3,啲地方又好囉好好嘅
1813259,1815697,Kei6si4a3Mou5ngo5m4gok3,歧視啊冇我唔覺
1816535,1818593,Ngo5m4gok3Gaa1Laa4Daai6jau5kei4si6,我唔覺加拿大有歧視
1834115,1835524,Jau5mou5daai6si4faat3sang1go3,有冇大事發生過
1835865,1836550,Hai2li1keoi1,喺呢區
1837640,1839696,Mou5ngo5zi1dou6ge3zau6mou5,冇我知道嘅就冇
1840656,1843427,Mou5wo3jan1wai6ngo5lei4lei4zo2jat1lin4za1ma3gam2so2ji5,冇喎因為我嚟係嚟咗一年嗻嘛咁所以
1843855,1845739,so2ji5m4hai6hou2loi6Daan6hai6,所以唔係好耐但係
1846984,1847603,mou5,冇
1854554,1855478,Daai6ting4din6a3,大停電啊
1855797,1858412,Gei3dak1gei3dak1haa4hou2do1hou2do1lin4cin4dek3ting4din6,記得記得哈好多好多年前大停電
1861948,1866239,Daai6ting4din6gon2si4ngo5zyu6hai2go2bin1hai2gaan1go2dou6,大停電嗰時我住喺嗰邊喺間嗰度
1866656,1868625,Gam2a3mou5lo1lo2di1ei3hou2waan2o3,咁啊冇囉攞啲哎好玩囉
1870140,1871305,Lo2di1laap6zuk1ceot1lei4,攞啲蠟燭出來
1871512,1874129,Baai2hai2le1go1zoeng1sik6faan6toi2soeng6gou1,擺喺咧嗰張食飯檯上高
1874636,1877811,Jin4hau6le1zyun2haa5keoi5,然後咧轉下佢
1878148,1881420,Gam2jin4hau6le1sik6faan6toi2soeng3gou1ja3ja3jau5go3seoi2zing1dang1,咁然後咧食飯檯上高因為有個水晶燈
1881638,1883486,Gam2jat1zyun3gon2si4le1,咁一轉嗰時咧
1883863,1888350,go2di1ta3go2di1go3laap6laap6zuk1gong1le1zau6jing2zyu6go2go3seoi2zing1dang1go2go3,嗰啲嗰啲蠟燭干咧就影住嗰個水晶燈嗰個
1888469,1891060,hou2leng3a3wui5cat1coi2zyun3a3haa6zyun3a3,好靚啊會七彩轉下轉下
1891060,1894175,Gam2ngo5dei6le1zau6seng4maan5hai2dou6waan2dou1m4zi1gei2hoi1sam1,咁我哋咧就成晚喺度玩都唔知幾開心
1895639,1896545,Hou2hou2waan2a3,好好玩啊
1897739,1898449,Gam2lo1,咁囉
1899385,1899950,Hai6mai6,係咪
1908895,1909420,m4gei3dak1,唔記得
1910304,1911060,m4gei3dak1,唔記得
1911385,1912245,gam1a3co2hai2dou6,咁啊坐喺度
1912878,1916855,baai3baai3baai3go2di1laap6zuk1hai2go2hai2go3hai2go3go2,擺擺擺嗰啲蠟燭喺個喺個喺嗰個
1916910,1920000,zung1gaan1go2dou6sik6faan6zung1gaan1go2dou6le1syun4zyun2go2dou6le1,中間嗰度食飯檯中間嗰度咧旋轉嗰度咧
1920162,1921810,Yat1fing6gam2keoi5ma3zit1zit1zit1,一揈咁佢咪
1922598,1924175,Seoi1zing1dang1hou2leng3ga3,咁個水晶燈好靚㗎
1926747,1927663,hou2waan2,好玩
1933311,1936062,Lei5gan1zyu6go2tiu3man6tai4hai6mat1je5a3o5m4gei3dak1zo2la3,你跟住嗰條問題係乜嘢啊我唔記得咗啦
1936657,1939470,Lei5gan1zyu6man6ngo5tiu3man6tai4hai6mat1je5a3ngo5m4gei3dak1zo2la3,你跟住問我條問題係乜嘢啊我唔記得咗啦
1940155,1940880,lei5mou5man6a3,你冇問
1948927,1950124,Jau5mou5daai6ming4sing1a3,有冇大明星啊
1950606,1951403,Ngo5m4zi1wo3,我唔知喎
1951930,1953321,ngo5m4zi1jau5mou5daai6ming4sing1,我唔知有冇大明星
1959239,1959907,mou5,冇
1989279,1992764,hai2bin1dou6sik1ngo5lou5gung1a3Hai2Hoeng1Gong2hai2hok6haau6hai2daai6hok6,喺邊度識我老公啊喺香港喺學校喺大學
2001175,2002192,Dim2joeng2sik1keoi5a3,點樣識佢啊
2002618,2003675,Daai6gaa1tung4hok6lo1,大家同學囉
2003835,2006785,gam2a3tung4hok6gam2a3jat1cai4soeng5tong4Gam2a3,咁啊同學咁啊一起上堂咁啊
2007968,2009625,jin4hau6zau6a3sik1lo1,然後就啊識囉
2009731,2013730,Gam2jin4hau6zau6a3jat1cai4jau5si4jiu3zou6zou6a3gam2,咁然後就啊一起有事要做做啊咁
2014245,2015525,Gam2a3,咁啊
2015744,2019353,zou6ze1ze1hai6tung4jat1go3Gam2a3jat1cai4zou6,做即即同一個咁啊一起做
2019748,2022625,Gam2jin4hau6le1zau6sik1lo1gam2keoi5jau6gei1duk1tou4,咁然後咧就識囉咁佢又基督徒
2022893,2028371,Gam2gam2lo1Zau6hai6gam2la3hok6haau6la3gam2hai6hok6haau6sik1daai6gaa1hok6saang1,咁咁囉就係咁啦學校啦咁喺學校識大家學生
2032386,2033430,Dim2joeng1kau4fan1,點樣求婚
2034710,2040020,Waa6haa4dim2gaai2jiu3man6li1di1gam2si1jan4ge3si6man6tai4ge2,哇啊點解要問呢啲咁私人嘅問題嘅
2042624,2043970,Hai6mai6lei5zok3ceot1lei4ga3,係咪你作出來㗎
2048726,2051331,dim2joeng2kau4fan1Keoi5,啊點樣求婚佢
2053268,2054548,dim2joeng2kau4fan1,點樣求婚
2057411,2059121,mou5gaai3zi2ga3gon2si4,冇戒指㗎嗰陣時
2059452,2061995,gam2keoi5le1zau6kei5hai2go3,咁佢咧就企喺個
2065548,2067296,keoi5kei5hai2go3,佢企喺個
2069235,2071091,ngo5lam2jing1goi1hai6,我諗應該係
2073075,2076175,ngo5lam2jing1goi1hai6hai2a3hai2a3,我諗應該係喺啊喺啊
2078833,2080066,hai2bin1dou6le1,喺邊度咧
2081523,2083570,hai2a3hai2jat1go3ho4bin1ge3,喺啊喺一個河邊嘅
2084300,2085954,hai2a3,喺啊
2087813,2089068,leoi5zi1gok3waa6,荔枝窩啩
2089716,2091637,Ngo5lam2hai6leoi5zi1gok3waa6,我諗喺荔枝窩啩
2092026,2095709,Gam2jau6mou5gwai6dai1ga3keoi5Ze1hai6man6ngo5,咁有冇跪低㗎佢佢就係問我
2096051,2097350,Lei5gaa3m4gaa3bei2ngo5gam2ma3,你嫁唔嫁畀我咁啊
2098195,2099340,Ngo5waa6hou2a3,我話好啊
2101734,2105015,Ngo5lau1mei1sin1zi1heoi3maai5mou5mou5gaai3zi2ga3ngo5dei6gon2si4,我後尾先至去買冇冇戒指㗎㗎我哋嗰陣時
2105980,2107001,Gam2hai6maa3,咁係咪啊
2110313,2111349,Ngo5lam2hou2ci5hai6,我諗好似係
2122074,2124991,Ngo5dei6git3fan1hai6jung6sai1sik1gei1duk1gaau3ge3,我哋結婚係用西式基督教嘅
2125352,2127660,Gam2so2ji5le1zau6tung4sai1jan4go2di1caa1m4do1ge3,咁所以咧就同係人嗰啲差唔多嘅
2127726,2130761,Gam2so2ji5le1ngo5mou5zoek3ngo5mou5zoek3go2di1,咁所以咧我冇著我冇著嗰啲
2131013,2133064,mou5zoek3zung1gok3jan4go2di1kwaa3kwan4ngo5mou5,冇著中國人嗰啲裙我冇
2133494,2136333,Ngo5zing6hai6zoek3baak6sik1go2di1fan1saam1,我剩係著白色嗰啲婚紗
2136529,2140460,Gam2a3heoi3gaau3wui2haang4fan1lai3gam2jin4hau6zau6,咁啊去教會行婚禮咁然後就
2141057,2144275,hai2gam2joeng2ni1di1gam2joeng2Gam2so2ji5mou5,係咁樣呢啲咁樣咁所以冇
2144276,2145401,mou5mat1ga3,冇乜㗎
2148735,2149295,Mou5,冇
2150090,2155128,wai6jat1jat6dou3siu2siu2zau6hai6ngo5dei6saam1ziu1wui4mui4ze1hai6saam1jat6,唯一一到小小就係我哋三朝換門即係三日
2155677,2159174,git3fan1hau6saam1jat6ngo5zau6jiu3faan1faan1heoi3,結婚後三日我就要返返去
2159656,2162384,loeng5gaa1dou3taam3,娘家度探
2162663,2166083,Taam3ngo5go3loeng4gaa1Gam2saam1zi2mui4wui6ngo5baa4baa1ceng2jam2,探我嗰娘家咁三朝換門我爸爸請飲
2166290,2167320,Ceng2ceng2haa5,請請客
2168842,2171291,gam2zau6hai6gam2lo1Mou5mat1dak6bit6,咁就係咁囉冇乜特別
2171502,2176613,Hou2hou2baa1bai3go2di1hou2hou2do1hou2lyun2lung4go2di1go2di1mou5,好好巴閉嗰啲好好多好亂籠嗰啲嗰啲冇
2187988,2188597,Jau5,有
2189395,2190295,Jau5si3go3ha4,有試過哈
2191753,2192480,Gei2hou2a3,幾好啊
2192649,2195134,ngo5hou2sek3ngo5ge2M4soeng2ngo5zou6je5ge2,我好錫我嘅唔洗我做嘢嘅
2195515,2197965,Ngo5faan1gung1keoi5jau5fong3zo2gung1le1keoi5jau5,我返工佢又放咗工咧佢又
2198171,2200512,zyu2ding6faan6bou1ding6faan6bou1ding6tong1,煮定飯煲定飯煲定湯
2200723,2201555,Bat1maai6faan6,撶埋飯
2202823,2204043,jau6m4sai2ngo5sai2wun2,又唔洗我洗碗嘅
2205743,2206734,so2ji5,所以
2207126,2208051,Mou5je5,冇嘢
2210795,2211939,Mou5mat1man6tai4,冇乜問題
2212243,2212925,Mou5mat1gam2,冇乜咁
2213178,2215418,bat1go3m4hai6coeng4si4gaan3hai2dyun2si4gaan3,不過唔係長時間係短時間
2216319,2220722,Ze1hai6gam2joeng2zyu6haa5hai2li1dou6zyu6,即係咁樣住下喺呢度住
2221311,2224995,jat1go3jyut6loeng5go3jyut6gam2ze1hai6dyun2si4gaan3m4hai6coeng4si4gaan3,一個月兩個月咁即係短時間唔係長時間
2234028,2237805,Mou5so2wai6ngo5gok3dak1mou5so2wai6Zeoi3gan2jiu3hai6lei5go2go3,冇所謂我覺得冇所謂最緊要係你嗰個
2239240,2240062,bui3ging2la1,背景啦
2240290,2241965,ze1hai6jyu4gu2lei5pei3jyu4,即係如果你譬如
2242177,2246049,jat1go3jyun4cyun4m4sik1jing1man2gaa3bei2jat1go3zing4hai6sik1jing1man2,一個完全唔識英文嫁畀一個剩係識英文
2246280,2249200,gam2lei5zau6jau5hou2daai6go3man6tai4Lei5gam1bun2mou5baan3faat6kau1tung1,咁你就有好大個問題你根本冇辦法溝通
2249704,2253830,gam2lei5zau6ze1go2bui3ging2hai6hou2m4tung4lo1gam2daan6hai6jyu4gu2,咁你就即個背景係好唔同囉咁但係如果
2254335,2258757,lei5hai6zung1gok3jan4tung4jat1go3ngoi5gok3jan4daai6gaa1dou1hai2Gaa1Naa4Daai6zoeng2daai6,你係中國人同一個外國人大家都喺加拿大長大
2258931,2261660,Lei5gam1bun2zau6hai6Gaa1Naa4Daai6jan4nei5go3joeng2m4tung4za1ma3,你根本就係加拿大人你個樣唔同嗻嘛
2261866,2265574,Gam2dong1jin4jau5di1man4faa3leoi5bin6hai6jau5di1m4tung4lo1Gam2a3daai6gaa1heoi3,當然有啲文化裡面係有啲唔同咁啊大家去
2265748,2269780,jiu3zyun1ging3deoi3fong1ge3man4faa3lo1Jiu3hok6deoi3fong1ge3man4faa3lo1,要尊敬對方嘅文化囉要學對方嘅文化囉
2269798,2272268,Gam2zung2zi1keoi5dei6loeng5go3hai6,咁總之佢哋兩個係
2272506,2276923,hai6hai6kau1tung1dak1dou2Hai6m4zi1dou6zi6gei2zou6gan2mat1je5M4hai6lyun2gam3lei4ge3,係係溝通得到係唔知道自己做緊乜嘢唔係亂咁嚟嘅
2277118,2279567,Hai6soeng1ngoi5ge3gam2gam2mou5so2wai6,係相愛嘅咁咁冇所謂
2312587,2313171,Sik1,識
2315078,2316131,Ngo5sik1,我識
2316951,2318152,gong2dung1waa2la1,廣東話啦
2318388,2320750,zung1man2jat1dou6le1ngo5zau6sik1gong2dung1waa2,中文一度咧我就識廣東話
2321219,2323422,gok3jyu5tung4maai6ciu4zau1waa2la1,國語同埋潮州話啦
2323881,2327979,Go2di1hai6a3zung1man2zung1man2ge3dei6fong1jyu5jin4la1,嗰啲係啊中文中文嘅地方語言啦
2328256,2329959,Jin4hau6le1ngo5sik1jing1man4,然後咧我識英文
2334475,2339158,Ciu4zau1waa2le1zau6gan1a3maa1hok6Jan1wai6a3maa1m4sik1kei4taa1waa6zing6hai6sik1ciu4zau1waa2ge3za3,潮州話咧就跟啊媽學因為阿媽唔識其他話剩係識潮州話嘅咋
2339622,2345181,Gong2dung1waa2jan1wai6zyu6hai2Hoeng1Gong2le1cyun4bou6dou1hai6gong2Gong2Dung1Waa2faan1hok6dou1hai6gong2gong2dung1waa2Gam2zau6hai2Hoeng1Gong2hok6,廣東話因為住喺香港咧全部都係講廣東話返學都係講廣東話咁就喺香港學
2345520,2347258,Gok3jyu5le1zau6hai2Gaa1Laa4Daai6hok6,國語咧就喺加拿大學
2347801,2351796,Gam2jan1wai6hou2do1Gaa1Laa4Daai6pang4jau5le1gong2gok3jyu5gam2zau6hai2Gaa1Naa4Daai6hok6,咁因為好多加拿大朋友咧講國語咁就喺加拿大學
2352136,2353043,Jing1man2le1,英文咧
2353346,2354925,hai2Hoeng1Gong2zi6sai1dou1hok6,喺香港自細都學
2355016,2358946,daan6hai6le1hok6dak1m4hai6gei2hou2Gam2jin4hau6le1hai6Gaa1Laa4Daai6zeoi3hok6,但係咧學得唔係幾好咁然後咧喺加拿大再學
2366099,2368742,Ngo5gong2jing1man2ge3si4hau6di1jan4zi1m4zi1dou3ngo5hai2bin1dou6lei4,我講英文嘅時候啲人知唔知我喺邊度來
2368933,2371103,Jing1goi1zi1ngo5jing1goi1jau5hau2jam1ga3,應該知我應該有口音㗎
2379767,2380611,M4zi1,唔知
2381334,2382259,M4zi1,唔知
2382661,2383887,Ngo5m4sik1teng1,我唔識聽
2393334,2394113,Gong2me1waa2,講乜話
2399804,2401108,Do1leon4Do1di1jan4,多倫多啲人
2402661,2404281,gong2faat6hai6tung4bin1go3jat1joeng6,講法係同邊個一樣
2414246,2416464,ngo5waa6m4hai6,我話唔係
2418849,2419734,Do1leon4Do1,多倫多
2420015,2423789,Dip6Do1leon4Do1di1jan4le1jan1wai6Do1leon4Do1hou2do1bat1tung4ge3zuk6jyu4a1ma3,啲多倫多啲人因為好多不同嘅族裔啊嘛
2424572,2427836,Gam2so2ji5le1kei4sat6go3go3le1dou1jau5hau2jam1ge3,咁所以咧其實個個咧都有口音嘅
2429155,2430151,Gam2so2ji5le1,咁所以咧
2431705,2433710,keoi5dei6keoi5dei6hai6daai6gaa1dou1gong2jing1man2,佢哋佢哋係大家都講英文
2433880,2436330,Bat1go3daai6gaa1dou1hai6gong2jau5ge3hau2jam1ge3jing1man2,不過大家都係講有啲口音嘅英文
2438286,2439370,Hai6la1,係啦
2452342,2455041,Bin1go3paat3,邊個
2456485,2459485,hai6keoi5dei6ge3lei4ge3za3wo3Ngo5m4sik1ge3,係佢哋嘅嚟嘅嗻喎我唔識嘅
2459485,2460366,M4zi1,唔知
2461370,2462117,M4zi1,唔知
2470373,2472100,Ngo5nam2Gaa1Naa4Daai6le1,我諗加拿大咧
2472318,2474387,mou5jat1go3zeoi3hou2ge3jing1man2,冇一個最好嘅英文
2474833,2475864,Jan1wai6le1,因為咧
2476102,2478425,Gaa1Naa4Daai6daai6bou6fan4ge3jan4le1,加拿大大部分嘅人咧
2478778,2482189,dou1hai6hai2cyun4sai3gaai3gok3dei6ji4man4go3lei4ge3,都係喺全世界各地移民過嚟嘅
2482646,2487348,Ze1zau6syun3hai6dai6jat1go3dai6dai6dai6jat6doi6dai6ji6doi6gam2joeng2dou1,即就算係第一個第第第一代第二代咁樣都
2487766,2489003,Gam2le1keoi5dei6,咁咧佢哋
2489460,2493982,zim3zim3zim3zim2le1zau6kei4sat6le1zau6hai6lou1dou3nyun5nyun5gam2ga3joeng2ga3,漸漸漸漸咧就氣勢咧就係撈到亂亂咁樣㗎
2494200,2496755,Gam2jau5jat1go3hau2jam1ge3Gam2ngo5lam2jyu4gu2lei4waa6,咁有一個口音嘅咁我諗如果你話
2497048,2500443,hai6mai6zeoi3hou2jing1man2ngo5lam2hai6din6si6toi4go2di1,係咪最好嘅英文我諗係電視台嗰啲
2500874,2502770,bou3gou3san1man2go2di1Haa4,報告新聞嗰啲哈
2502788,2505128,Gam2zi2la1gau3waa6go2go3keoi5dei6zau6,咁只能夠話嗰個佢哋就
2505264,2507070,jing1goi1hai6zeoi3biu1zeon2la3gam2,應該係最標準啦咁
2507688,2510151,Gam2daan6hai6hai6mai6zeoi3hou2le1ngo5m4zi1,咁但係係咪最好咧我唔知
2518023,2518790,Jau5,有
2519151,2519770,Jau5,有
2520251,2521821,ngo5heoi3hok6ga1ma3,我去學㗎嘛
2522165,2524063,Ngo5heoi3hok6gong2jing1man2la1,我去學講英文啦
2524437,2526664,Heoi3hok6go2di1,去學嗰啲
2527099,2529370,ze1hai6zik1kaat1kei5hei2san1gong2je5go2di1le1,即係即刻企起身講嘢嗰啲咧
2529845,2532145,Tung4maai6e3ngo5jiu3gan2jat1go3,同埋我要跟一個
2532258,2534355,hai6ngau4zung1Jing1Gok3,喺牛津英國
2534550,2537600,daai6hok6go2go3gaau3sau4le1,大學嗰個教授咧
2537888,2539853,keoi5gaau3ngo5zap1ngo5di1,佢教我執我啲
2540248,2541260,faat6jam1,發音
2541692,2542697,zuk6go3zi3zap1,逐個字執
2555791,2558486,tai2ha3go2go3jan2ngo5sik1m4sik1tai2haa5keoi5wui5m4wui5teng1,睇下嗰個人我識唔識睇下佢會唔會聽
2558626,2562715,Jyu4gu2m4hai6hou2suk6go2ngo5m4wui5ga3lo1Daan6hai6hou2suk6ngo5jau5si4dou1m4wui5ga3,如果唔係好熟嗰啲我唔會㗎囉但係好熟我有時都唔會㗎
2563056,2563993,Jan1wai6,因為啊
2565151,2567819,m4hai6gam3do1jyun3jin4zip3sau6ngo5dei6,唔係咁多人願意接受我哋
2568012,2569825,gong2tung4maai6ngo5zi6gei2dou1m4hai6waa6,講同埋我自己都唔係話
2570026,2572582,faat3jam1faat3dak1gam3zeon2ga1ma3Gam2so2ji5,發音發得咁準㗎嘛咁所以
2572803,2575372,tung1soeng3dou1m4wui5,通常都唔會
2583386,2584551,Ngo5di1sai3lou6zai2,我啲細佬仔
2585003,2586795,Ngo5di1sai3lou6zai2hai2li1dou6ceot1sai3ge2,我啲細佬仔喺呢度出世嘅
2587451,2589940,Keoi5dei6keoi5di1faat3jam1gaan1hai6mou6man6tai4la1,佢哋佢啲發音梗係冇問題啦
2593119,2594725,Keoi5di1zung1man2zau6hou2jau5man6tai4lo1,佢啲中文就好有問題囉
2597455,2598280,ai3jo2,哎唷
2604728,2605805,Jau5mou5di1me1waa2,有冇啲乜話
2606980,2607435,zuk6jyu5aa3,俗語啊
2609068,2609900,zuk6jyu5,俗語
2610555,2611135,zuk6jyu2m4hai6,俗語唔係
2614240,2615895,heoi3zuk1jyu2,係俗語
2619900,2620987,Zuk6jyu5aa3,俗語啊
2621390,2623065,di1sai3lou6zai2jau5mou5hok6di1zuk6jyu5a3,啲細佬仔有冇學啲俗語啊
2624497,2626224,Lei5gong2ni1dou6ding6hai6Hoeng1Gong2,你講呢度定係香港
2626818,2627488,Ni1dou6a3,呢度啊
2628335,2630190,Ngo5di1sai3lou6zai2jau5mou5hok6zuk6jyu5a3,我啲細佬仔有冇學俗語啊
2634755,2636390,Gong2ze1hai6gong2zung1man2ge3zuk4,講即講中文嘅俗語
2637400,2638165,Jing1man2ge3zuk6,英文嘅俗語
2639924,2643884,Ngo5nam2jau5gwaa3Ngo5di1sai3lou6zai2dou1m4gong2zuk6jyu2ge3so2ji5ngo5m4zi1a3,我諗有啩我啲細佬仔都唔講俗語嘅所以我唔知啊
2644180,2645366,Ngo5nam2jau5ge3,我諗有嘅
2652062,2653276,Zuk6jyu5jing1goi1jau5ge3,俗語應該有嘅
2654119,2655535,zuk6jyu5m4hai6cou1hau2wo3,俗語唔係粗口喎
2656219,2657150,Haa5zuk6jyu5jau5ga3,哈俗語
2669745,2670463,Jau5,有
2671099,2675070,Jing1man2hai6jat1lou6mui2jat1go3jin4jyu5le1dak1jat1lou6heoi3bin3ge3,英文係一路每一個言語咧都一路去變嘅
2675340,2680000,Hai6hai6jan1wai6jan4Ze1hai6jan1wai6ngo5dei6pei3jyu4jau5si4di1din6si6a1gam2,係係因為人即係因為我哋譬如有時呢件事啊咁
2680274,2684827,gam2le1jau5di1dak6bit6ak6bit6sau1fun1jing4go2di1din6si6a1Gam2keoi5dei6gong2jat1di1je5le1,咁咧有啲特別特別受歡迎嗰啲電視啊咁佢哋講一啲嘢咧
2685005,2686461,gam2hou2faai3le1zau6wui5hai2,咁好快咧就會喺
2686659,2689461,hai2hai2go3hai2go3man4faa3leoi5bin6jat1lou6gong2,喺喺個喺個文化裡邊一路講
2689912,2692373,Hai2go3se5wui2leoi5bin6gong2Gong2gong2haa5zau6bin3zo2hai6,喺個社會裡邊講講講下就變咗係
2692603,2694338,hai6kei4zung1ge3jat1go3jing1man2,係其中嘅一個英文
2694497,2696216,Gam2so2ji5lei5jat1lou6jat1lou6hai6bin3ge3,咁所以你一路一路係變嘅
2696456,2700034,Haa4gam2so2ji5ngo5gok3dak1hai6hai6jat6jat6hai2dou6bin3,哈咁所以我覺得係係日日喺度變㗎
2700591,2702996,Bat1Bin3dak1jau5gei2daai6le1zau6zau6,不過變得有幾大咧就就
2703797,2705009,zau6hou2laan4gong2,就好難講
2707870,2708758,Zung1man2dou1hai6,中文都係
2709147,2710920,Zung1man2ne1jing1goi1hai2dou6bin3,中文都應該喺度變
2710972,2714141,Jan1wai6jau5di1jung4ci4le1ji5cin4di1,因為有啲用詞咧以前啲
2715199,2720219,ji5cin4di1jan4m4sik1teng1Ji4gaa1teng1teng1haa5pei3jyu4ji4gaa1jau5di1hou2do1gong2dung1jan4,以前啲人唔識聽而家聽聽下譬如好多廣東人
2720434,2723434,tung4maai6bak1ging1bak1bak1fong1jan4jat1cai4ge3si4hau6,同埋北京北方人一起嘅時候
2724005,2726206,bat1fong1jan4le1teng1haa5,北方人咧聽哈
2726530,2727780,gong2dung1jan4gong2ge3,廣東人講嘅
2728005,2730512,jung6gong2dung1waa2go2di1go2di1ci4jyu5,用廣東話嗰啲嗰啲詞語
2731308,2734778,Gam2keoi5dei6ze1hai6jau6wui5jau6wui5ming4baak6tung4ng6wui6jung6a3,咁佢哋即係又會又會明白同埋會用啊
2734956,2736397,Jung6keoi5dei6go2di1ci4,用佢哋嗰啲詞語
2737815,2742379,Gong2dung1jan4le1jau6wui5jung6bak1ging1go2bin1bak1fong1jan4go2bin1go2di1ci4,廣東人咧又會用北京嗰邊北方人嗰邊嗰啲詞語
2742602,2744445,tung4keoi5dei6gong2Gam2so2ji5le1,同佢哋講咁所以咧
2744656,2746582,hai6daai6gaa1wu6soeng1jing2hoeng2,係大家互相影響
2750276,2751175,Lai6jyu5a3,例如啊
2751783,2752999,Pei3jyu4gok3jyu5le1,譬如國語咧
2753248,2755186,gong2dung1waa2le1gaau2dim6,廣東話咧搞掂
2756472,2758272,Gaau2dim2hang2gaau2dim6ze1hai6,搞掂哈搞掂既係
2758464,2760682,zou6dak1hou2la3gaau2dim6sai3gam2haa4,做得好啦搞掂晒咁哈
2761266,2763350,Gok3jyu5le1kei4sat6zau6mou6gaau2dim6ge3,國語咧其實就冇搞掂嘅
2763555,2764554,Daan6hai6le1,但係咧
2764822,2767407,Di1gok3jyu2jan4le1zau6gan1dak1gong2dung1jan4do1,啲國語人咧就跟得廣東人多
2767665,2769325,so2ji5jyu4gu2lei5waa6gaau4ding1,所以如果你話搞定
2769690,2770800,keoi5dei6jau6teng1dak1ming4ga3,佢哋又聽得明㗎
2771380,2774532,Keoi5dei6gam2so2ji5ji4gaa1keoi5dei6seng4jat6so2waa6gaau4ding1gaau4ding1gam2,佢哋咁所以佢哋而家又成日就話搞定搞定咁
2774881,2777903,Gam2daan6hai6gong2dung1gok3jyu3zau6mou5li1go3ga3kei4sat6,咁但係廣東國語就冇呢個嘅其實
2791717,2795500,Ngo5gung1gung1m4sik1gong2gong2dung1waa2ge3ngo5gung1gung1m4hai6ngo5je4je2,我公公唔識講廣東話嘅我公公唔係我爺爺
2796083,2797383,Ngo5mou5gung1gung1,我冇公公
2797587,2800124,Ngo5je5je2le1zau6gong2ciu4zau1waa2ge3,我爺爺咧就講潮州話嘅
2800850,2801963,so2ji5,所以
2802259,2804965,jat1ding6hai6tung4ngo5baa4gong2gong2dung1waa2jat1ding6m4tung1go3,一定係同我爸講廣東話一定唔同過
2805575,2807145,Ngo5a3baa4zau6gong2gong2dung1waa2ge3,我啊爸就講廣東話嘅
2808980,2810045,Gam2lo1,咁囉
2815530,2818176,Ngo5tung4ngo5baa4baa1di1gong2jau5jau5jau5jau5,我同我爸爸啲有有有有
2818352,2822194,Ngo5baa4baa1keoi5dei6go2doi6gong2go2di1gong2dung1waa2le1cyun4bou6dou1hai6zung1man2lei4ge3,我爸爸佢哋嗰代講嗰啲廣東話咧全部都係中文嚟嘅
2822535,2825317,Cyun4bou6dou1hai6gong2dung1waa2Ze1hai6jung6go2di1zing3sik1ge3,全部都係廣東話既係用嗰啲正式嘅
2825507,2827371,ge3zung1man2lei4dou3gong2gong2dung1waa2,嘅中文嚟度講廣東話
2827672,2832313,Ngo5dei6li1jat1doi6gong2gong2dung1waa2le1cyun4bou6dou1hai6le1go2di1giu3lei5jyu4a3tou2jyu2a3,我哋呢一代講廣東話咧全部都係咧嗰啲叫俚語啊土語啊
2832542,2835938,Ze1hai6le1se2m4dou2ceot1lei4ge3tou2jyu2Haa4,既係咧寫唔到出來嘅土語哈
2836170,2837449,Jan1wai6ngo5dei6go2di1,因為我哋嗰啲
2837616,2840674,zung1man2m4hou2ma1Gam2so2ji5le1zau6,中文唔好啊嘛咁所以咧就
2841120,2843038,gong2dak1hou2hou2zuk6ge3,講得好好俗嘅
2843059,2845260,Zuk6zuk6jyu5lei4ga3haa4,俗俗語嚟㗎哈
2846954,2848724,so2ji5hai6hai6jau5bin3ga3,所以係係有變㗎
2855505,2857294,hai6,係
2861860,2864453,Jan1wai6jyu5jin4nei5ping4si4jat6jat6dou1jung6ga1ma3,因為語言你平時日日都用㗎嘛
2864723,2869081,Gam2jau4le1man4faa3le1hai6me1le1man4faa3zau6hai6lei5peing4si4zip3zuk1ge3je5ma1,咁有咧文化咧係咪咧文化就係你平時接觸嘅嘢啊嘛
2869426,2872245,Gam2lei5zip3zuk1ge3je5mou4wui6hai6jung6jyu5jin4,咁你接觸嘅嘢冇會係用語言
2872473,2874537,lei4dou3biu2daat6ceot1lei4lo1,嚟到表達出來囉
2874918,2877038,Gam2tung4maai6lei5pei3jyu4tai2din6si6a3,咁同埋你譬如睇電視啊
2877220,2880017,din6si6dou1hai6man4faa3ge3kei4zung1jat1bou6fan6ga3,電視都係文化嘅其中一部分㗎
2880272,2882774,Tai2din6si6a3tai2bou3zi2a3go2di1gam2,睇電視啊睇報紙啊嗰啲咁
2883083,2884860,gam2go2di1leoi5bin6ne1,咁嗰啲裡邊咧
2885204,2888362,keoi5jung6ga3jung6go2di1jung6ci4le1,佢用㗎用嗰啲用詞咧
2889044,2892872,waak6ze2tai2hei3a3gam2Go2di1jung6ci4le1,或者睇戲啊咁嗰啲用詞咧
2893426,2895343,zim6zim2zim6zim2lei5teng1zo2a1,漸漸漸漸你聽咗啊
2895637,2899744,gam2lei5zau6wui5jung6go2di1a3Gam2go2di1jung6ci4ji5cin4mou5ga1ma3,咁你就會用嗰啲啊咁嗰啲用詞以前冇㗎嘛
2900024,2901598,Gam2ji4gaa1sin1jau5ga1ma3,咁而家先有㗎嘛
2901779,2903486,Zau6hai6jan1wai6di1hei3a3gam2,就係因為啲戲啊咁
2903684,2907669,Gam2tai2hei3a3tai2din6si6li1di1dou1hai6kei4kei4zung1ge3jat1go3man4faa3ge3gam2a3,咁睇戲啊睇電視呢啲都係其中嘅一個文化來㗎嘛
2907868,2908923,Gam2so2ji5,咁所以
2909517,2912489,jyu5jin4zau6wui5sau6ni1di1man4faa3jing2hoeng2,語言就會受呢啲文化影響
2913033,2915699,so2ji5jyu5jin4hai6man4faa3ge3kei4zung1jat1bou4fan6,所以語言係文化嘅其中一部分
