7088,7978,gaa4,㗎
8408,8918,zan1ge2,真嘅
9188,10008,waa3lei5sik1aa4,嘩你識呀
11707,13317,Ngo5giu3zou6,我叫做
16796,19292,Ngo6gei2lin4ceot1sai3Ngo5jat1gau2ng5luk6nin4ceot1sai3,我幾年出世我一九五六年出世
26507,30091,laa3ng5sap6ji6seoi3aa3,喇五十二歲啊
33701,35868,Ngo5zi6gei2go3gaa1ting4,我自己個家庭
36236,37723,Ngo5maai6ngo5baa1,我我
40385,42170,Ji4gaa1li1go3gaa1ting4ngo5jau5,而家呢個家庭我有
42170,44856,gai3maai4ngo5jau5sei3go3jan4,計埋我有四個人
47592,48520,Taai3taai2tung4,太太同
48765,49630,jat1zai2jat1leoi2,一仔一女
53330,55546,Ngo5zi6gei2ge3gaa1ting4jau5cat1go3jan4,我自己嘅家庭有七個人
56115,57184,Baa4baa1maa4maa1,爸爸媽媽
57545,59831,gaa1ze1jin4hau6o5jau5saam1go3hing1dai6,家姐然後我有三個兄弟
62189,63595,Ngo5hai6mei1ji2go2go3,我係尾二嗰個
72515,73978,Ngo5zyu6hai2,我住喺
74541,75400,Hoeng1Gong2,香港
75550,76342,Gau2Lung4,九龍
76491,77061,haa6,吓
80715,83622,Ngo5hai2Hoeng2Gong2dou6zoeng2daai6dou3sap6,我喺香港度長大到十
84501,86755,sap6baat3seoi3gei2sap6gau2seoi3laa1,十八歲幾十九歲啦
89543,91698,Ngo5lei4Gaa1Naa4Daai6hai6wai6zo2duk6syu1,我來加拿大係為咗讀書
95540,97956,Ngo5lei4dou2Gaa1Laa2Daai6ngo5heoi3zo2,我嚟到加拿大我去咗
98673,100202,Duk6,讀
102766,103576,Gam2zau6,噉就
104932,106121,Gan1zyu6zau6,跟住就
106295,107774,heoi3duk6syu1,去讀書
108280,111005,Duk6,讀
116823,117206,M4hai6,唔係
117444,121470,Ngo5duk6syu1ge3si4hau6ngo5hai2gaa3lei4zo2Gaa1Naa4Daai6ngo5baa4baa1zau6go3san1naa3,我讀書嘅時候我喺嚟咗加拿大我爸爸就過身喇
122487,124255,aa6ngo5maa4maa1hai2Hoeng1Gong2,啊我媽媽喺香港
128564,130755,Keoi5dei6hai2Zung1Gwok3Daai6Luk6ceot1sai3,佢哋係中國大陸出世
132622,134824,hai2Gwong2Dung1gwaa3,喺廣東啩
135455,137486,Bin1go3sing4si5ngo5zau6m4zi1laa3,邊個城市我就唔知喇
141594,142606,Hai6,係
143389,146247,jat6bun2zai2daa2zoeng3zi1hau6ze1hai6,日本仔打仗之後即係
146542,148669,daai6koi3ngo5lam2hai6,大概我諗係
150770,153149,sei3ling4lin4gei2ze1,四零年幾即係
155863,157289,ze1hai6,即係
159037,160707,aa6sei3ling4nin4doi6laa1,啊四零年代啦
160963,161490,Ng5ling4nin4,五零年
162304,165364,sei3ling4nin4doi6sei3ling4nin4,四零年代四零年
180121,181606,Hou2naan4laa1gang2hai6,好難啦梗係
183508,185786,Jan1wai6ngo5dei6cung4mei5,因為我哋從未
186111,187660,heoi3gwo3dai6ji6dou6gaa1maa3,去過第二度㗎嘛
188245,189450,gam2ngo5dei6jau5,噉我哋有
189612,191359,daan6hai6ngo5zi6gei2jau6,但係我自己有
191788,193686,zung6hai6nin4cing1,仲係年青
194693,197709,Gam2jau6m4hai6hou2sik1gong2li1dou6ge3jyu5man6,噉又唔係好識講呢度嘅語文
198844,200252,Gam2jau6mou5jan4sik1,噉又冇人識
201197,203367,gam2Gang2hai6hou2san1fu2laa3,噉梗係好辛苦喇
206987,210147,Zeoi3naan4hai6hai6gu1daan1,最難係係孤單
212261,215686,Jan1wai6jat1go3jan4lei4dou3haa6hoi1tau4mei6jau5pang4jau5,因為一個人嚟到吓開頭未有朋友
216182,218769,haa6gam2zau6zi6gei2jat1go3jan4zau6hou2zik6mok6,吓噉就自己一個人就好寂寞
225057,229268,Hai6jat1go3hai6duk6sap6saam1baan1ge3,係一個係讀十三班嘅
230050,230494,haa6,吓
233759,236526,hai2Hoeng2Gong2hai6duk6jyun4zung1hok6,喺香港係讀完中學
241114,242604,Ngo5tung4nin4,我童年
243225,244649,Tung4nin4hai6,童年係
244921,246866,pan4fu4lo1pan4kwan3,貧扶囉貧困
247143,248705,uk1kei2hai6kung4,屋企係窮
248868,250698,daan6hai6dou1gei2faai3lok6,但係都幾快樂
251117,252235,gei2hoi1sam1gaa3,幾開心㗎
255216,258845,Ngo5ge3gu3si6hai6tung4go2si4hau6ngo5dou1hou2jau5zi6seon3,我嘅故事係童年嘅時候我都好有自信
260075,260984,jan1wai6ngo5,因為我
261426,268204,ngo5duk6syu1m4sai2dim2duk6daan6hai6ngo5dou1duk6dak1gei2ngo5duk6syu1sing6zik1hou2dou1dou1m4co3,我讀書唔使點讀但係我都讀得幾我讀書成績好都都唔錯
274091,274976,Ngo5,我
275666,277393,hou2kei4gwaai3jan1wai6,好奇怪因為
278159,281475,ngo5baa4baa1maa4maa1m4hai6gei1duk1tou4daan6hai6,我爸爸媽媽唔係基督徒但係
281775,286451,keoi5dei6ning4jyun2bei2hok6fai3sung3ngo5dei6heoi3gei1duk1gaau3ge3siu2hok6,佢哋寧願畀學費送我哋去基督教嘅小學
286914,287912,Gam2ngo5,噉我
288833,289970,ngo5duk6jyun4siu2hok6,我讀完小學
290067,293427,ngo5jau6heoi3zo2jat1gaan1gei1duk1gaau3ge3zung1hok6duk6,我又去咗一間基督教嘅中學讀
293665,296215,nei1go3hou2hou2dak1ji3haa6hou2kei4gwaai3,呢個好好得意吓好奇怪
296233,299046,Hai6mou5mou5ge3ze1hai6mou5gai3waak6ge3,係冇冇嘅即係冇計劃嘅
299854,300883,Daan6hai6gam2joeng2haa6,但係噉樣吓
306007,307693,Jau5di1hou2jau5di1m4hou2laa1,有啲好有啲唔好啦
308326,308827,haa6,吓
311577,313558,Bin1di1zeoi3hou2aa4,邊啲最好呀
314435,316504,Si3go3jau5gei2go3sin1saang1hai6,試過有幾個先生係
316832,320493,hai6dak6bit6hou2gaa3haa6hai6di1,係特別好嘅吓係啲
321350,323891,dou1hai6di1sou3hok6lou5si1aa3gam2joeng2haa6,都係啲數學老師啊噉樣吓
324217,327116,Sing3ging1sin1saang1hai6hou2ok3ge3,聖經先生係好惡嘅
331952,333208,Jiu3lim6sing3ging1lo1,要唸聖經囉
333371,336512,M4sik1nim6zau6laau6hou2ok3gaa3,唔識唸就鬧好惡㗎
336742,339372,Haa6so2ji5ngo5dei6hou2paa3di1sing3ging1sin1saang1,吓所以我哋好怕啲聖經先生
342356,344357,Keoi5dei6zau6m4wui5waa6,佢哋就唔會話
344492,345272,ze1hai6,即係
345656,348449,tai2fat6ze1hai6zau6m4wui5jau5,體罰即係就唔會有
348457,349047,fat6ge3,罰嘅
349759,350649,Daan6hai6zau6,但係就
350966,352140,hou2daai6seng1,好大聲
352304,354048,hou2jim4lai6,好嚴厲
355306,355956,haa6,吓
362338,364280,dong1jin4naa1,當然啦
364537,366188,haa6Hoeng1Gong2ge3,吓香港嘅
366808,368205,lou5si1ge3,老師嘅
368302,369199,so2wai6,所謂
369671,372057,gei2leot6hai6,紀律係
372214,373482,hai6hou2gan2jiu3ge3,係好緊要嘅
373665,375299,ngo5dei6hai6,我哋係
375443,376541,jat1ding6jiu3teng1waa6,一定要聽話
376873,378357,m4ho2ji5,唔可以
378587,380347,faan2deoi3lou5si1ge3,反對老師嘅
385078,389741,keoi5aa6m4hoi1sam1lo1gam2ngo5dei6zau6wui5hou2geng1keoi5wui5,佢就唔開心囉噉我哋就會好驚佢會
389993,390610,ze1hai6,即係
390760,393147,hai6aa3deoi3ngo5dei6m4gung1ping4lo1,係啊對我哋唔公平囉
393904,395195,Hai6ngo5dei6zau6hai6,係我哋就係
395421,397097,jiu3fuk6cung4aa3,要服從啊
397489,399724,zyut6deoi3jiu3fuk6cung4lou5si1,絕對要服從老師
400335,401966,li1go3hai6,呢個係
402131,405158,ngo5dei6sai3go3duk6syu1go2go3waan4ging2hai6gam2,我哋細個讀書嗰個環境係噉
412553,414452,gaa1naa4daai6di1lou5si1,加拿大啲老師
415245,418753,Li1dou6hai6bei2gaau3go3jan4zyu3ji6faa3aa1maa3,呢度係比較個人主義化吖嘛
419652,420594,so2ji5zau6,所以就
421334,423910,hai6bei2di1hok6saang1do1di1zi6jau4,係畀啲學生多啲自由
424695,426492,heoi3zi6gei2,去自己
426686,428839,jau5zi6gei2ge3kai2faat3,有自己嘅啟發
429009,431240,M4hai6zing6hai6teng1sin1saang1gong2,唔係淨係聽先生講
432050,432878,so2ji5,所以
433492,436214,zau6bei2gaau3zi6jau4hoi1fong3zo2di1lo1,就比較自由開放咗啲囉
436425,437568,ze1hai6hoi1fong3,即係開放
438181,440650,duk6syu1aa3fung1hei3aa3,讀書啊風氣啊
441000,442454,taai3dou6aa3,態度啊
442454,444894,dang2gu2lai6nei5zi6gei2heoi3,等鼓勵你自己去
445210,446258,heoi3,去
446440,448013,heoi3heoi3wan2aa3,去去搵啊
448413,449648,zi6gei2heoi3,自己去
449817,450941,kai2faat3,啟發
451618,452195,Daan6hai6,但係
453429,454860,bin3zo2,變咗
455079,457058,zou6sing4go2go3hei3,造成嗰個氣
457451,459335,go2go3hei3fan1go2go3,嗰個氣氛嗰個
459596,460710,waan4ging2le1zau6hai6,環境呢就係
461123,464567,bei2gaau3zi6jau4di1lo3ze1hai6keoi5m4wui5,比較自由啲囉即係佢唔會
464853,468362,hai6gaam1nei5jat1ding6jiu3teng1saai3keoi5gong2,係監你一定要聽嗮佢講
468587,469847,Ngo5dei6jiu3zi6gei2heoi3,我哋要自己去
470647,473808,heoi3heoi3heoi3wan2heoi3heoi3wan2daap3on3aa3,去去去搵去去搵答案啊
474276,475479,heoi3hok6aa3gam2lo1,去學啊噉囉
486409,487868,Jat1jat1di1di1laa1,一一啲啲啦
488193,488754,haa6,吓
489574,489999,haa6,吓
490279,492499,hou2cyu3zau6hai6hai6,好處就係係
493166,495219,hai6bei2gaau3ze1hai6,係比較即係
495507,498544,giu3ngo5zi6gei2hai6jiu3duk6laap6sing3do1di1lo1,叫我自己係要獨立性多啲囉
499371,501478,Daan6hai6go3m4hou2cyu3zau6hai6,但係個唔好處就係
501694,505044,mou5zo2go2go3gei2leot6ze1mou5go3,冇咗嗰個紀律即係冇個
505248,506313,Zau6zau6hai6,就就係
506994,510832,sung1di1lo1di1gam2jau5si4zau6,鬆啲囉啲噉有時就
513792,516560,taai3go3zi4jau4jau6jau6,太過自由又又
517119,518731,bin3zo2fong3zung6lo1,變咗放縱囉
530091,532211,Duk6jyun4daai6hok6bat1jip6zau6hai6gaa3laa3,讀完大學畢業就係㗎喇
532487,534887,Zau6jiu3ceot1lei4wan2je5zou6zaan6cin2,就要出嚟搵嘢做賺錢
535015,536102,zi6laap6gaa3laa3,自立㗎喇
548337,549176,Ngo5gok3dak1,我覺得
549383,555203,mou5mat1waa6kwai1ding6jiu3duk6gei2do1syu1daan6hai6zeoi3gan2jiu3zau6hai6keoi5dei6dou1hai6sik1dak1zi6gei2duk6laap6lo1,冇乜話規定要讀幾多書但係最緊要就係佢哋都係識得自己獨立囉
555699,556507,aa6,吓
556728,558629,Daan6hai6jyu4gwo2keoi5dei6hing3ceoi3hai6zung1ji3,但係如果佢哋興趣係鍾意
558955,560203,gai3zuk6duk6syu1ge3,繼續讀書嘅
560733,562802,gam2dou1hai6keoi5zi6gei2ge3syun2zaak6,噉都係佢自己嘅選擇
562965,564546,ngo5dou1mou5baan6faat3zo2zi2,我都冇辦法阻止
564844,567402,daan6hai6zau6hei1mong6keoi5dei6ho2ji5zi6gei2,但係就希望佢哋可以自己
567570,568439,zi6gei2,自己
568817,571963,m4sai3ji2laai6fu6mou5zi6gei2ho2ji5duk6laap6,唔使倚賴父母自己可以獨立
578549,579825,ji4gaa1,而家
579963,580835,mou5gaa3laa3,冇㗎喇
582183,584514,ceoi4keoi5dei6zi6gei2zung1ji3,隨佢哋自己鍾意
585261,586912,mou5mat1dak6bit6,冇乜特別
587155,589339,hei1mong6keoi5dei6duk6me1zung2jin4zi1,希望佢哋讀咩總言之
589717,590864,keoi5nang4gau3,佢能夠
591157,592443,ze1hai6,即係
593137,594934,duk6dak1sing4gung1,讀得成功
595276,598398,ho2ji5zi6gei2duk6laap6jau5zi6gei2,可以自己獨立有自己
598547,599897,ge3sang1wut6,嘅生活
600453,601791,gam2zau6hou2,噉就好
602023,603201,hou2mun5zuk1gaa3laa3,好滿足㗎喇
609414,609723,aa6,吓
614098,616947,ngo5go3go2go3hok6haau6,我個嗰個學校
617461,618343,hou2dak6bit6,好特別
618729,620359,hou2do1jan4,好多人
621215,626154,keoi5jan1wai6go3sing4si5le1hai6zoeng1so2jau5ge3sap6saam1baan1le1,佢因為個城市呢係將所有嘅十三班呢
626695,627478,hai6,係
628048,631028,baai2maai6hai2loeng5gaan1zung1hok6ga3ze1,擺埋喺兩間中學㗎啫
631254,633148,Ngo5heoi3duk6go2gaan1hai6kei4zung1jat1gaan1,我去讀嗰間係其中一間
633600,637215,ji4hai6ngo5go2gaan1le3hai6dak6bit6siu2aa3zau1jan4ge3,而係我嗰間呢係特別少亞洲人嘅
637455,641835,zung1gok3jan4zau6hai6jau5jat1zi1jau5go3Hoeng1Gong2lei4gau2go3,中國人就係有一有個香港嚟九個
641865,646035,jat1go3hai2toi4waan1lei4gam2cyun4hok6haau6zau6daai6koi3jau5,一個喺臺灣嚟噉全學校就大概有
646264,648563,cat1baak3gei2baat3baak3go3hok6saang1,七百幾八百個學生
648580,649131,so2ji5,所以
649355,651315,ngo5dei6hai6suk6jyu1hou2siu3sou3,我哋係屬於好少數
655935,658295,do1sou3dou1hai6bun2dei6ge3,多數都係本地嘅
658463,660950,hok6saang3bun2dei6ge3jan4laa1,學生本地嘅人啦
661012,663699,aa6Gam2dou1jau5m4tung4zung2zuk6ge3,吓噉都有唔同嘅種族嘅
664178,666389,Jau5siu2siu2aa3jeoi6,有少少亞裔
666586,667969,jau5di1fei1leot6ban1jan4,有啲菲律賓人
668117,669682,jau5daan6hai6hou2siu3,有但係好少
670129,671723,haa4do1sou3dou1hai6,吓多數都係
672389,673457,baak6jan4do1,白人多
674239,674980,haa6,吓
678674,682471,Tung4di1ge3hok6saang1,同啲嘅學生
683061,685187,Daai6bou6fan4dou1mou5man6tai4,大部分都冇問題
685187,688616,haa6keoi5dei6deoi3ngo5dei6dou1hou2jau5hing3ceoi3jan1wai6gok3dak1ngo5dei6,吓佢哋對我哋都好有興趣因為覺得我哋
689122,690366,hai6hou2dak6bit6,係好特別
690801,696143,naa5Jan1wai6keoi5dei6dou1hou2siu2tung4ngoi5gok3ge3hok6saang3zip3zuk1,吓因為佢哋都好少同外國嘅學生接觸
696206,696655,haa5,吓
697193,698093,Gam2,噉
698359,701131,dou1daai6zi3soeng6dou1,啊都大致上都
701765,703222,dou1gei2hou2,都幾好
703374,706125,Ngo5jau5jat1loeng5go3dou1dak6bit6,我有一兩個都特別
706318,707765,hou2ge3tung4hok6,好嘅同學
707922,708964,Dou1hai6,都係
709133,710171,dou1hai6baak6jan4,都係白人
710779,714634,Daan6hai6keoi5dei6hou2ci3ngo5gam2dou1hai6san1ge3ji4man4,但係佢哋好似我噉都係新嘅移民
714961,717714,haa5Jau5jat1go3hai6san1hai2Jing1Gok3lei4ge3ji4man4,吓又一個係新喺英國嚟嘅移民
718467,720548,Jau5ling6ngoi6jat1go3le3zau6hai6,有另外一個呢就係
720548,721441,hai6,係
721587,722704,bun2dei6ge3,本地嘅
723168,724523,ji3daai6lei6jeoi6,意大利裔
724833,725843,tung4maai4,同埋
726023,730013,jan1dai6on1jan4ze1hai6bun2dei6tou2zyu3ge3,印第安人即係本地土著嘅
731886,734423,ge3lei4ge3,嘅嚟嘅
735162,740817,so2ji5ngo5dei6dak6bit6hai6hou2haa5gam2dou1,所以我哋特別係好吓噉都
741252,742422,gei2hoi1sam3gaa3,幾開心㗎
747660,749862,Ze1hai6tung4ni1di1pang4jau5,即係同呢啲朋友
750336,751368,Fong3zo2hok6,放咗學
751685,753764,keoi5dei6zau6jau5si4,佢哋就有時
753914,759681,lei4wan2ngo5ceot1heoi3daa2daa2bou2ling4kau4lo1gam2tung4maai4jau5si4jau6heoi3,嚟搵我出去打打保齡球囉噉同埋有時又去
759921,763644,keoi5dei6jau5di1ngo5dei6di1tung4hok6jau5di1ge3nguk1kei2leoi5bin6,佢哋有啲我哋啲同學有啲嘅屋企裏便
764028,768918,waan2haa6go2di1aa3haa6waan2haa2waan2haa5di1gam2lo1,玩下嗰啲啊吓玩下玩下啲噉囉
769064,770038,haa5,吓
774523,777884,go2zan4si4zau6mou5mat1mou5ge3,嗰陣時就冇乜冇嘅
778050,781941,Gam2li1jat1baan1ngo5ceot1heoi3jat1cai4waan2ni1di1dou1hai6,噉呢一班我出去一齊玩呢啲都係
781941,785318,mou5leoi5zai2ge3cyun4bou6dou1hai6naam4zai2lei4gaa3haa5,冇女仔嘅全部都係男仔嚟㗎吓
796169,797022,Ji4gaa1,而家
797774,800616,dou1jau5di1haa6,都有啲吓
804302,806417,Do1sou3dou1zung1gwok3jan4haa5,多數都中國人吓
810255,815893,Jat1cai4sik6faan6aa3king1gai2aa3gam2lo1Jau5si4jat1cai4heoi3leoi5hang4lo1,一齊食飯啊傾偈啊噉囉一係有時一齊去旅行囉
819742,823532,Heoi3zo2dou1heoi3hou2do1m4tung4dei6fong1jau5jyun5jau5kan5,去咗都去好多唔同地方有遠有近
823921,826778,Hai6lo1naa4ngo5dei6heoi3go3laa1jat1cai4,係囉嗱我哋去過啦一齊
827132,828484,Haa5gam2dou1,吓噉都
828905,830251,gei2hou2waan2gaa3hai6lo1,幾好玩㗎係囉
842019,843601,ji4gaa1ngo5zyu6li1keoi1,而家我住呢區
845358,848048,me1je5jan4dou1do1ji4gaa1dou1hai6,咩嘢人都多而家都係
848612,854705,ji4man4tung4bun2dei6jan4dou1jat1bun3jat1bun3Ngo5loeng5bin6ge3jat1jat1bin6zau6hai6bun2dei6,移民同本地人都一半一半我兩便嘅一一邊就係本地
854914,857575,tou2zoeng2tou2sang1tou2zoeng2daai6ge3,土長土生土長大嘅
857922,860399,Haa5ling6ngoi6jat1bin6dou1hai6ngoi5gwok3,吓另外一便都係外國
860652,861680,zung1dung1ge3ji4man4,中東嘅移民
861680,862555,Hai6gaa3ngo5lam2hai6,係㗎我諗係
862637,863019,Haa5,吓
863676,867888,Gam2deoi3min6aa3go2di1zau6jau5hou2ci5ngo5gam2ge3hoeng1gong2ge3ji4man4,噉對面啊嗰啲就有好似我噉嘅香港嘅移民
868345,871095,Jau6jau5dai6ji6dou6dei6fong1lai4ge3ji4man4,又有第二度地方嚟嘅移民
871726,872616,dou1,都
873130,874250,hou2ge3,好嘅
879064,881787,Ngo5hai6li1jat1keoi1zau6,我喺呢一區就
882475,884448,jing1goi1jau5,應該有
885484,888351,gau2cat1gau2baat3dou1,九七九八都
891790,893159,dou1jau5seng4,都有成
893407,895396,jing1dou1jau5seng4ji6sap6,應都有成二十
896159,899734,ji6sap6nin4ji6sap6gei2nin4laa3hou2haa6do1go3ji6sap6nin4,二十年二十幾年喇好吓多過二十年
900424,900844,Haa5,吓
903243,903810,Haa5,吓
904121,909789,Daan6hai6ngo5ze1hai6ngo5bun1go3dou1hai6hai2li1jat1keoi1haa6so2ji5dou1syun3hai6li1jat1keoi1lo1,但係我即係我搬過都係喺呢一區吓所以都算係呢一區囉
910135,912082,Daai6koi3dou1ji6sap6haa6,大概都二十吓
912260,913410,Do1go3ji6sap6lin4,多過二十年
921939,928509,Ngo5loeng5go3leoi6bin6ge3leon4geoi1dou1m4hai6gam3hou2ge3haa6,我兩個裏便嘅鄰居都唔係咁好嘅吓
929824,933935,deoi3min6jau5jat1gaa1ze1hai6Hoeng1Gong2ge3ji4man4gam2zau6bei2gaau3,對面有一家即係香港嘅移民噉就比較
934159,935372,bei2gaau3suk6di1,比較熟啲
935537,936929,Haa4kei4taa1go2di1,吓其他嗰啲
937275,940096,jau5di1daa2haa5ziu1fu1haa6sam6jau5,有啲打下招呼吓甚有
940447,943293,jau5di1zau6sam6zi3mou5mou5daa2ziu1fu1aa3haa6,有啲就甚至冇冇打招呼啊吓
944517,946763,Dak6bit6ngo5gaak3lei4li1go3,特別我隔籬呢個
948365,952303,tou2saang1tou2zoeng2go2di1jat1gaa1jan4le3keoi5deoi3ngo5dei6hou2dou3gei6ge3,土生土長嗰啲一家人呢佢對我哋好妒忌嘅
953030,955139,Haa5so2ji5bei2hou2do1maa4faan4ngo5,吓所以畀好多麻煩我
957305,958567,Keoi5dou3gei6ngo5dei6,佢妒忌我哋
958782,965240,ge3ngo5dei6m4hai6hai2li1dou6ceot1sai3m4hai2li1dou6zoeng2daai6daan6hai6ngo5dei6jau6bei2keoi5sing4gung1maa3,嘅我哋唔係喺呢度出世唔喺呢度長大但係我哋又比佢成功嘛
973504,976088,Kei4si6jat1ding6jau5haa5daan6hai6,歧視一定有吓但係
976513,979639,bei2ngo5dei6co1lei4ge3si4hau6go2go3,比我哋初嚟嘅時候嗰個
980084,984594,cing4dou6le3jing1goi1hei2maa3biu2min6soeng3hai6caa1hou2jyun5laa3,程度呢應該起碼表面上係差好遠喇
990957,993464,Jau5ngo5gaak3lei4go2go3,有我隔籬嗰個
993629,996732,ngo5gaak3lei4go2go3zing4waa6ngo5gong2go2go3ge3,我隔籬嗰個正話我講嗰個嘅
996886,999584,go3leon4geoi1le1keoi5zau6hai6deoi3ngo5dei6hou2,個鄰居呢佢就係對我哋好
1001324,1009738,hou2dou3gei6laa1haa6so2ji5jau5si4di1taai3dou6aa3tung4maai4daai6gaa1soeng1cyu2le3lei5dou1zi1dou3keoi5hai6,好妒忌啦吓所以有時啲態度啊同埋大家相處啊你都知道佢係
1010092,1014006,haa5keoi5hai6deoi3ngo5dei6jau5kei4gin3laa1mou2waa6kei4si6,吓佢係對我哋有歧見啦唔好話歧視吓
1020155,1021824,Zou6gung1go2dou6,做工嗰度
1023274,1025427,biu2min6soeng3zau6,表面上就
1025604,1032187,dou1mou5ge3Ji5cin4ngo5jat1lei4dou3Gaa1Laa4Daai6zou6gung1ngo5hoi1ci2hai2Gaa1Laa4Daai6zou6gung1ge3si4hau6,都冇嘅以前我一嚟到加拿大做工我開始喺加拿大做工嘅時候
1032500,1035345,ngo5dei6zung1gwok3jan4zau6hai6hou2siu3sou3,我哋中國人就係好少數
1035824,1039476,Gam2keoi5dei6zi1dou3ngo5dei6hai6m4ho2ji5tung4keoi5ging6zang1,噉佢哋知道我哋係唔可以同佢競爭
1039768,1043427,so2ji5deoi3ngo5dei6zau6mou5mat1dak6bit6ge3ze1hai6kei4si6,所以對我哋就冇乜特別嘅即係歧視
1044274,1046357,Daan6hai6hau6loi4le3,但係後來呢
1046548,1053076,dong1keoi5zi1dou3ngo5dei6dou1ze1hai6deoi3keoi5jau5jau5wai1hip3laa3gam2dou1wui6jau5di1ge3,當佢知道我哋都即係對佢有有威脅喇噉都會有啲嘅
1053232,1055417,Jan1wai6keoi5gok3dak1ngo5dei6ci2zung1dou1hai6,因為佢覺得我哋始終都係
1055911,1061997,kau1tung1aa3jyu4jin4jyu5jin4aa3go2di1ci2zung1,溝通啊語言語言啊嗰啲始終
1062150,1064204,Keoi5gok3dak1ngo5dei6hai6bat1kap6keoi5dei6,佢覺得我哋係不及佢哋
1064366,1065509,Daan6hai6ngo5dei6jau6,但係我哋又
1065663,1068794,jau5si4sing4gung1go3keoi5dei6le3gam2keoi5dei6ci2zung1dou1,有時成功過佢哋呢噉佢哋始終都
1069095,1071633,hai6m4hai6gei2hoi1sam1lo1,係唔係幾開心囉
1071791,1077938,Gam2ho2lang4ze1hai6deoi3ngo5dei6ge3taai3dou6aa3hou2do1je5dou1dou1wui5jau5paai4cik1,噉可能即係對我哋嘅態度啊好多嘢都都會有排斥
1077938,1078710,haa4,吓
1078857,1080856,Ze1hai6daan6hai6,即係但係
1082000,1085882,Jan1wai6ceoi3zyu6ngo5dei6ji6man4do1laa1,因為隨住我哋移民多啦
1086177,1088880,zing2go3Do1Leon4Do1li1go3sing4si5,整個多倫多呢個城市
1089374,1095865,zing2go3ge3man4faa3aa3go2di1zung2zuk6aa3dou1goi2bin3dak1hou2gan2jiu3laa3ji4gaa1,整個嘅文化啊嗰啲種族啊都改變得好緊要啦而家
1096710,1099186,ze1hai6ngo5dei6so2wai6ni1di1jau5sik1ge3,即係我哋所謂呢啲有色嘅
1099436,1100791,jan4zung2,人種
1100947,1103845,hai6zim3ni1go3sing4si5ge3daai6do1sou3lo3,係佔呢個城市嘅大多數咯
1104023,1104791,so2ji5,所以
1105092,1108357,jat1bun1biu5min6soeng3ge3so2wai6kei4si6zau6,一般表面上嘅所謂歧視就
1109187,1110812,mou5mou5ngo5dei6ji5cin4,冇冇我哋以前
1110988,1117693,co1co1lei4dou3ge3si4hau6ze1hai6jau5di1jau5di1jau5di1ging1jim6aa3jau5di1zou1jyu4gam3gam3ming4hin2ge3,初初嚟到嘅時候即係有啲有啲有啲經驗啊有啲遭遇咁咁明顯嘅
1118275,1119223,Daan6hai6,但係
1120557,1125563,ngo5ho2ji5waa6dou1goi2ze1hai6goi2zeon6zo2hou2do1gaa3laa3haa5m4,我可以話都改即係改進咗好多㗎喇吓唔
1125742,1128365,dak6bit6ngo5gok3dak1haa6jat1doi6le3,特別我覺得下一代呢
1128908,1134521,jan1wai6haa6jat1doi6hai2li1jat1go3do1jyun4man4faa3ge3waan4ging2zoeng2daai6le3,因為下一代喺呢一個多元文化嘅環境長大呢
1134795,1137550,keoi5dei6deoi3li1di1so2wai6zung2zuk6kei4si6zau6,佢哋對呢啲所謂種族歧視就
1137947,1139010,go2go3,嗰個
1139194,1140932,ngo5faat3gok3zau6faan2wai4,我發覺就反為
1141085,1143085,mou5mat1li1go3ge3koi3lim6,冇乜呢個嘅概念
1143133,1148598,tung4maai4dou1m4gok3dak1hai6jau5dak6bit6jat1go3ge3man6tai4lo1,同埋都唔覺得係有特別一個嘅問題囉
1159703,1161449,Lei5gong2hai2Gaa1Laa4Daai6li1go3,你講喺加拿大呢個
1162244,1166574,ngo5zaang1hou2jyun5aa3jan1wai6ngo5ji5cin4hou2ci5waa6bei2nei5zi1ngo5hai2,我爭好遠啊因為我以前好似話畀你知我喺
1166681,1169913,duk6zung1hok6ge3si4hau6le3ngo5jiu3haang4,讀中學嘅時候呢我要行
1170121,1171797,lok6zo2baa1si2jiu3haang4,落咗巴士要行
1171945,1175893,dou1jiu3haang4jat1dyun3si4gaan3sin1zi3faan1dou2hok6hau6le3,都要行一段時間先至返到學校呢
1176120,1181283,Gam2jat1lou6jat1lou6soeng6bin6le1dou1jau5di1sai3lou6zai2le1hai6gong2jat1di1zan1hai6,噉一路一路上邊呢都有啲細路仔呢係講一啲真係
1181425,1183573,zung2zuk6kei4si6ge3,種族歧視嘅
1183726,1185921,gam2joeng1zau6siu3ngo5dei6gaa3,噉樣就笑我哋㗎
1186068,1190098,ze1hai6gong2me1me1jau6me1mat6mat6gam2haa5,即係講咩咩又咩物物噉吓
1190390,1193868,Daan6hai6ji4gaa1ze1hai6jin6zoi6ngo5gok3dak1zau6,但係而家即係現在我覺得就
1194212,1195736,ji5ging1,已經
1195974,1197241,hou2siu2teng1gin3laa3haa6,好少聽見啦吓
1198236,1204784,Hou2siu2jau5li1di1sai3lou6zai3hai6bei2fu6mou5gaau3Ngo5gok3dak1go2di1sai3lou6zai3dim1gaai2wui5gam2joeng2,好少有呢啲細路仔係畀父母教我覺得嗰啲細路仔點解會噉樣
1205085,1208349,ze1hai6gong2maai4ni1gam2ge3je5le3dou1hai6jan1wai6fu6mou5aa3,即係講埋啲噉嘅嘢呢都係因為父母啊
1208520,1210790,Waak6ze2jau5di1pang4jau5gaau3keoi5dei6,或者有啲朋友教佢哋
1211098,1215849,Gam2ngo5gok3dak1ji4gaa1li1jat1doi6ge3sai3lou6zai2ji5ging1mou5zo2li1jat1zung2,噉我覺得而家呢一代嘅細路仔已經冇咗呢一種
1215849,1218340,li1jat1zung2gam2ge3gun3syu1,呢一種噉嘅灌輸
1218697,1221165,naa4ze1hai6m4wui5jau5jan4m4wui6gok3dak1,嗱即係唔會有人唔會覺得
1221318,1222763,ze1hai6,即係
1222971,1227411,jau5sik1ge3jan4zung2aa3waak6ze2dak6bit6lei4ge3hai6gam3,有色嘅人種啊或者特別嚟嘅係咁
1227726,1231666,dim2aa3ze1hai6gam3gam3kei4gwaai3gam3ze1hai6gam3,點啊即係咁咁奇怪咁即係咁
1231923,1234222,gam3ze1hai6tung4keoi5dei6gam3m4tung4aa3,咁即係同佢哋咁唔同啊
1234643,1237333,Haa5bei2gaau3keoi5dei6ji5ging1ze1hai6,吓比較佢哋已經即係
1237492,1239645,jat6man4zuk6zi1gaan1,日民族之間
1241078,1243031,zuk6jeoi6zi1gaan1go2go3ge3,族裔之間嗰個嘅
1243440,1246347,dou3ngo5gok3dak1dou1bei2gaau3wo4haai6di1tung4maai4,到我覺得都比較和諧啲同埋
1246542,1248640,dou1jan1wai6,都因為
1249841,1255223,ji4gaa1le1dak6bit6hai2Do1leon4Do1li1lei5haa6jat1doi6ji4gaa1duk6syu1faan1heoi3dou3hok6haau6le1,而家呢特別喺多倫多呢你下一代而家讀書返去到學校呢
1255421,1258410,zan1hai6mat1je5jan4zung2dou1jau5le1gam2keoi5dei6zau6,真係乜嘢人種都有呢噉佢哋就
1258749,1264501,ngo5zau6mou5gam2do1gok3dak1jau5jau5ze1hai6,我就冇噉多覺得有有即係
1264665,1266933,gam3fan1faa3lo3,咁分化囉
1267117,1269349,Keoi5dei6dou1daai6gaa1dou1wu6soeng1ge3,佢哋都大家都互相嘅
1269591,1273583,ze1hai6wan2wan2haap6dak1gei2hou2haa5,即係混混合得幾好吓
1285036,1288302,zi6gei2ge3ging1lik4dou1mou5mat1mou5mat1,自己嘅經歷都冇乜冇乜
1288696,1294141,jau5li1di1heoi3dou3siu2sing4si5leoi5bin6dou1mou5mat1waa6jau5di1me1,有呢啲去到小城市裏便都冇乜話有啲咩
1294767,1296286,li1di1gam2ge3ging1lik6,呢啲噉嘅經歷
1296493,1301631,Daan6hai6hai2san1man2aa3bou3dou6aa3dou1dou1teng1gin3wui5jau5lo1,但係喺新聞啊報導啊都都聽見會有囉
1301870,1306283,Zau6hou2ci5hou2do1aa3aa3zau1jan4heoi3diu3jyu2bei2jan4ung2lok6seoi3aa3,就好似好多亞亞洲人去釣魚畀人擁落水啊
1306445,1310736,li1di1dou1hai6hou2ming4hin2hai6dak6bit6zam1deoi3go2di1aa3zau1jan4aa3gam2,啊呢啲都係好明顯係特別針對嗰啲亞洲人啊噉
1311366,1314052,Gam2dou1jau5ge3ngo5nam2ngo5soeng1seon3dou1jau5,噉都有嘅我諗我相信都有
1314218,1315383,Jan1wai6hai2,因為喺
1315623,1322289,sai3di1ge3sing4si5leoi6bin6go2di1jan4le1dou1bei2gaau3bou2sau2di1lo1si1soeng2dou1hai6bei2gaau3sau2gau6di1,細啲嘅城市裏便嗰啲人呢都比較保守啲囉思想都係比較守舊啲
1322480,1323870,Daan6hai6fung1bai3di1lo1,但係封閉啲囉
1324054,1326858,Jan1wai6keoi5dei6deoi3ngoi5gaai3ge3zip3zuk1hai6siu2di1aa1maa3,因為佢哋對外界嘅接觸係少啲吖嘛
1327109,1330077,so2ji5keoi5dei6ge3si1soeng2ho2nang4bei2gaau3fung1bai3di1,所以佢哋嘅思想可能比較封閉啲
1330258,1335719,Deoi3ngoi5zuk1zau6mou5gam3jung4ji6zip1sau3lo4daan6hai6daai6sing4si5ngo5gok3dak1zau6,對外族就冇咁容易接受囉但係大城市我覺得就
1335895,1338197,dak6bit6Do1leon4Do1ji5ging1,特別多倫多已經
1338411,1341002,mou5mat1li1di1gam2ge3jin6zoeng6haa6,冇乜呢啲噉嘅現象吓
1359189,1364661,Ji5cin4lei5gong2hai2Gaa1Laa4Daai6go2di1hau6saang1go2di1ze1hai6,以前你講喺加拿大嗰啲後生嗰啲即係
1364661,1366947,nin4cing1sai3go2di1jat1doi6laa1,年青細嗰啲一代啦
1367534,1370425,Ji5cin4ji4man4zai2leoi2le1,以前移民仔女呢
1370731,1373914,hai6gin1dou2fu6mou5jan1wai6hou2kan4lik6zou6je5,係見到父母因為好勤力做嘢
1374190,1375036,tung4maai4,同埋
1375291,1377781,sang1wut6bei2gaau3ze1hai6,生活比較即係
1377988,1380418,bei2gaau3mou5gam3fu3jyu6lo1,比較冇咁富裕囉
1381055,1382870,jan1wai6hai2,因為喺
1383387,1386352,hai2sai1fong1dak6bit6hai2bak1mei5zau1le1,喺西方特別喺北美洲呢
1386672,1392276,jat1bun1lei4gong2dou1hai6bei2aa3zau1hai6zeon3bou6tung4fu3jyu6aa1maa3,一般嚟講都係比亞洲係進步同富裕吖嘛
1392640,1396407,so2ji5hai2ngoi5dei6lei4ge3jan4do1sou3dou1hai6kung4di1gaa3,所以喺外地嚟嘅人多數都係窮啲㗎
1396564,1397174,Dak6bit6,特別
1397360,1399922,ze1hai6waa6nei5ji4man4lei4dou3le2dou1hai6bei2gaau3kung4,即係話你移民嚟到呢都係比較窮
1400221,1401364,Kung4kwan3di1,窮困啲
1401615,1402353,Gam2,噉
1402558,1405459,jan1wai6sang1wut6le1jau6jat1bun1ge3ji4man4,因為生活呢又一般嘅移民
1405683,1408015,fu6mou5le1dou1hou2kan4lik6zou6je5,父母呢都好勤力做嘢
1408268,1409624,bei2gaau3san1fu2,比較辛苦
1409805,1410619,Gam2,噉
1410783,1416384,di1zai2leoi5ge3gin3dou2le1keoi5dei6zi6jin4le1zau6keoi5dei6ge3,啲仔女嘅見到呢佢哋自然呢就佢哋嘅
1416601,1419638,zoeng2daai6le1dou1tai2dou2gam2zau6,長大呢都睇到噉就
1420053,1422954,keoi5dei6dou1hou2juk6hou2jau5sam1gei1heoi3duk6syu1,佢哋都好用好有心機去讀書
1423110,1424566,tung4maai4keoi5dei6go2go3,同埋佢哋嗰個
1425296,1430250,duk6syu1go2go3ge3muk6biu1dou1hou2cing1sik1zau6jat1ding6jiu3duk6syu1hou2,讀書嗰個嘅目標都好清晰就一定要讀書好
1430420,1431980,Gan2zyu6ceot1lei4wan2hou2gung1,跟住出嚟搵好工
1432183,1437355,Wan2dou2hou2gung1le3gam2zau6zaan6cin2gam2zau6jau5ho2ji5ho2ji5jau5cin2gam2zau6ho2ji5,搵到好工呢噉就賺錢噉就有可以可以有錢噉就可以
1437399,1440394,ho2ji5m4sai2hou2ci5fu6mou5gam2zou6je5gam3san1fu2,可以唔使好似父母噉做嘢咁辛苦
1440418,1441843,so2ji5ji5cin4go2di1,所以以前嗰啲
1442092,1443453,ji4man4ge3,移民嘅
1443614,1446503,Ze1hai6ji4man4ge3zi2leoi5,即係移民嘅子女
1446575,1448698,Go2di1sai3lou6haa6jat1doi6le1,嗰啲細路下一代呢
1448947,1450847,Keoi5dei6dou1hou2,佢哋都好
1451894,1453276,go3muk6biu1dou1hou2cing1sik1,個目標都好清晰
1453894,1457860,Gam2duk6syu1dou1hou2hou2hou2zoeng2zeon3aa3,噉讀書都好好好長進啊
1458042,1458792,Gam2joeng2ge3,噉樣嘅
1459919,1464241,ji4gaa1go3se5wui2waan4ging2sai3gaai3ging1zai3waan4ging2aa1goi2bin3zo2laa1,而家個社會環境世界經濟環境吖改變咗啦
1464418,1465497,hai2,喺
1465777,1467217,jat1bun1ge3ji4man4,一般嘅移民
1467740,1471656,lei4dou3Gaa1Laa4Daai6dou1m4hai6gam3hou2ci5ji5cin4gam3cing1pan4,嚟到加拿大都唔係咁好似以前咁清貧
1471726,1472996,hou2do1dou1hai6,好多都係
1473336,1475091,dou1ji5ging1hou2fu3jyu6aa3,都已經好富裕啊
1475321,1476900,Dak6bit6deoi3haa6jat1doi6,特別對下一代
1477092,1478069,jat1,一
1478389,1480625,jing1goi1gam2gok3ji5cin4,應該噉講以前
1480797,1483024,ge3ji4man4lei4dou3,嘅移民嚟到
1483185,1485745,jan1wai6jau5dak1sing4gung1gam2zau6bei2gaau3fu3jyu6laa3,因為有得成功噉就比較富裕喇
1486052,1487576,Gam2jik6dou1m4soeng2,噉亦都唔想
1487788,1492068,heoi3haa6jat1doi6le1hou2ci5keoi5dei6gam2ji5cin4gam3san1fu2,去下一代呢好似佢哋噉以前咁辛苦
1492461,1495153,Gam2ji4ce2li1jat1go3li1jat1baan1ji4man4ge3,噉而且呢一個呢一班移民嘅
1495453,1497211,ge3fu6mou5le3,嘅父母呢
1497239,1498589,dou1hou2do1dou1hai6,都好多都係
1498589,1500286,hou2jau5zi3sik1,好有智識
1500659,1502479,hai6hai6,係係
1502681,1504674,hai6jat1di1zik1jip6ge3jan4laa1,係一啲職業嘅人啦
1505285,1506136,so2ji5,所以
1506206,1509767,dou1jau5hou2sing4gung1gam2so2ji5keoi5dei6dou1hou2lek1,都有好成功噉所以佢哋都好叻
1510171,1513311,Gam2zau6tung4gai3li1zai2leoi2ge3,噉就同呢啲仔女嘅
1513837,1516631,ge3mei5loi5aa3hou2do1zoeng2daai6aa3,嘅未來啊好多長大啊
1516787,1519361,ge3si4ge3ge3si4hau6le1,嘅嘅嘅時候呢
1519511,1522283,bei2keoi5dei6hou2zau1coeng4ge3on1paai4aa3,畀佢哋好周詳嘅安排啊
1522427,1523746,Jik6dou1hou2,亦都好
1523933,1526914,hou2soeng2keoi5dei6sing4coi4aa3gam2,好想佢哋成才啊噉
1527067,1528948,so2ji5deoi3keoi5dei6dak6bit6hai6,所以對佢哋特別係
1529180,1530799,hai6bou2wu6sing3do1di1lo1,係保護性多啲囉
1531631,1536032,Gam2li1di1zau6hai6hai2tou2sang1tou2zoeng2ge3haa6jat1doi6laa1,噉呢啲就係喺土生土長嘅下一代啦
1536301,1541049,so2ji5jan1wai6fu6mou5hai6gam2joeng2tung4keoi5dei6zau1coeng4gam2lei4dou3on3paai4,所以因為父母係噉樣同佢哋周詳噉嚟到安排
1541241,1544044,hai6jat1go3bou2wu6sing4ge3waan4ging2zoeng2daai6,係一個保護性嘅環境長大
1544302,1545418,Gam2keoi5dei6,噉佢哋
1545605,1548838,li1di1ge3bei2gaau3hai6ji2laai6sing3do1di1lo3,呢啲嘅比較係倚賴性多啲囉
1549424,1553542,gam2keoi5dei6duk6syu1jat1bun1dou1dou1mou5man6tai4gaa3,噉佢哋讀書一般都都冇問題㗎
1553881,1556752,Jan1wai6keoi5dei6ge3zi1jyun4aa3,因為佢哋嘅資源啊
1557002,1558998,hou2do1ge3gung1jing6laa1,好多嘅供應啦
1559546,1561689,Gam2jau6hou2jau5,噉又好有
1561913,1563808,haa6zoeng2daai6ge3si4hau6,吓長大嘅時候
1563965,1567846,go2go3pui3fan6aa3pui4juk6go3aa3go2di1,嗰個培訓啊培育個啊嗰啲都
1568122,1570161,hai6hou2hou2jau1loeng4aa3,係好好優良啊
1570724,1575185,so2ji5keoi5dei6dou1aa4jau5hou2do1ge3jau1jau1sing3ge3dei6fong1,所以佢哋都有好多嘅優優勝嘅地方
1575466,1578804,so2ji5keoi5dei6haa5jat1bun1dou1dou1mou5man6tai4,所以佢哋吓一般都都冇問題
1579117,1582634,Ling6ngoi6jat1di1le1zau6hai6ji4gaa1ge3san1bei2gaau3san1ji4man4,另外一啲呢就係而家嘅新比較新移民
1582900,1584253,san1lei4ge3ji4man4,新嚟嘅移民
1584520,1587244,Keoi5dei6dou1bei2gaau3fu3jyu6laa1hou2ci5ngo5zing3waa6gong2,佢哋都比較富裕啦好似我正話講
1587468,1592761,Gam2keoi5dei6bei2gaau3fu3jyu6le1deoi3di1sai3deoi3di1zai2leoi5jau6jau6bei2gaau3zung6jung6lo3,噉佢哋比較富裕呢對啲細對啲仔女又又比較縱容囉
1593034,1596485,Gam2hou2do1dou1m4soeng2keoi5dei6san1fu2,噉好多都唔想佢哋辛苦
1596817,1597532,so2ji5,所以
1597615,1599585,haa4gaau3dou3hou2do1li1di1,吓搞到好多呢啲
1599828,1601526,san1jat1doi6ge3ji4man4,新一代嘅移民
1601953,1607965,Dak6bit6m4hai6hai2Gaa1naa4Daai6ceot1sai3ge3ze1hai6gwo3lei4ge3nin4cing1ge3ni1di1jat1doi6le1,特別唔係喺加拿大出世嘅即係過嚟嘅年青嘅呢啲一代呢
1608316,1609039,hai2,喺
1609189,1612936,dou1hai6bei2gaau3fu3jyu4tung4maai4bei2gaau3,都係比較富裕同埋比較
1613146,1614666,hai6,係
1614937,1616247,so2wai6aa3,所謂啊
1616408,1617606,so2ji5zau6,所以就
1618856,1620744,m4seoi1jiu3gam3san1fu2,唔需要咁辛苦
1620744,1624258,haa4gam2ceot1heoi3duk6syu1aa3go2di1dou1mou5mat1hing1ceoi3ge3,吓噉出去讀書啊嗰啲都冇乜興趣嘅
1624784,1625311,haa5,吓
1625828,1627840,Gam2so2ji5,噉所以
1628436,1629397,zau6hai6,就係
1629548,1633240,dou1hou2daai6fan1bit6gaa3tung4ze1hai6ngo5dei6ji5cin4co1,都好大分別㗎同即係我哋以前初
1633414,1634158,ji4man4,移民
1634297,1636199,lei5dou3gaa1naa4daai6ge3si4hau6,嚟到加拿大嘅時候
1644795,1647231,Zeoi3daai6fan1bit6zau6hai6gaau3juk6seoi2zeon2lo1,最大分別就係教育水準囉
1647531,1651958,Ngo5baa4baa1maa6maa1go2jat1doi6ge3gaau3juk6seoi2zeon2bei2gaau3dou1hai6seoi2ping4hou2dai1lo1,我爸爸媽媽嗰一代嘅教育水準比較都係水平好低囉
1652499,1655722,aa4keoi5dei6dou1hai6do1sou3dou1hai6lou4gung1ge3,吓佢哋都係多數都係勞工嘅
1655984,1657474,kaau3kaau3,靠靠
1658113,1660773,gam2ge3nang4lik6heoi3heoi3wai4sang1lo1,噉嘅能力去去維生囉
1660773,1662529,Gaau3gaau3kan4lik6,較較勤力
1662782,1664479,Ngo5dei6san1li1jat1doi6,我哋新呢一代
1664655,1668136,ngo5dei6zau6hai6bei2jau5jau5gou1dang2gaau3juk6,我哋就係畀有有高等教育
1668435,1671075,bei2zi3sik1seoi2zeon2bei2gaau3gou1di1lo1,比智識水準比較較高啲囉
1671467,1672193,Gam2,噉
1673268,1678926,jan1wai6ngo5dei6zi3sik1seoi2zeon2gou1di1so2ji5ngo5dei6jau6aa3jau6bun2si3di1nang4go3di1,因為我哋智識水準高啲所以我哋有又本事啲能幹啲
1679075,1680789,Deoi3zai2leoi5ge3,對仔女嘅
1681172,1682288,gaau3joeng5le3,教養呢
1682539,1685667,jau6ci5fu4zau6jau5do1di1so2wai6ge3fong1faat3,又似乎就有多啲所謂嘅方法
1686087,1688889,hou2jyu5m4hou2le1ceot1lei4ge3gaau6gwo2le1,好與唔好呢出嚟嘅效果呢
1689160,1691461,jau5mei5bit1jat1ding6hai6hou2ge3haau6gwo2ge3,又未必一定係好嘅效果嘅
1691621,1695354,aa4jan1wai6ji5cin4ngo5dei6gin3dou2fu6mou5,吓因為以前我哋見到父母
1695530,1696860,gam3kung4aa3,咁窮啊
1697107,1698793,Daan6hai6jau6mou5mat1gaau3juk6,但係又冇乜教育
1698952,1700426,Ze1hai6zi3sik1jau6dai1,即係智識又低
1700745,1702998,Daan6hai6gin3dou2keoi5dei6zou6je5hou2san1fu2le3,但係見到佢哋做嘢好辛苦呢
1703262,1707034,ze1hai6keoi5dei6ji5ging1bei2ngo5dei6jat1go3hou2hou2ge3,即係佢哋已經畀我哋一個好好嘅
1707163,1709208,Gam2deoi3ngo5dei6zau6,噉對我哋就
1709369,1710819,zau6wui5jau5hou2daai6jing2hoeng2,就會有好大影響
1710969,1713110,Daan6hai6gam2jat6jan1wai6,但係今日因為
1713350,1716542,ngo5ngo5dei6jau5zo2sing4gung1laa1,我我哋有咗成功啦
1716730,1718021,gam2,噉
1718531,1722062,gam2jin4hau6ngo5dei6jau6jau6hou2lek1laa3,噉然後我哋又又好叻啦
1722397,1724365,Gam2di1sai2leoi5gin3dou2ngo5dei6,噉啲仔女見到我哋
1724536,1726847,jat1bun1ge3sang1wut6dou1hou2syu1fuk6,一般嘅生活都好舒服
1727201,1729137,heoi3leoi5hang4aa3,去旅行啊
1730038,1731279,zyu6ge3uk1aa3,住嘅屋啊
1731537,1734148,zaa1gaa3ce1aa3me1dou1ji5ging1hai6,揸架車啊咩都已經係
1734189,1736489,ze1hai6hou2hou2laa1gam2,即係好好啦噉
1736494,1737064,zau6,就
1737085,1740265,gaau2dou3jing2hoeng2dou3haa5jat1doi6le1zau6,搞到影響到下一代呢就
1740350,1741022,gok3dak1,覺得
1741340,1743901,sang1wut6hai6hou2jung4ji6lo1,生活係好容易囉
1743925,1747645,li1di1hou2do1di1mat6zat1ge3gung1jing3le1hou2jung4ji6dak1dou3,呢啲好多啲物質嘅供應呢好容易得到
1747812,1750042,so2ji5keoi5dei6zau6m4wui5gam3zan1sik1,所以佢哋就唔會咁珍惜
1750562,1754241,haa4jik6dou1m4sik1dak1dim2joeng2heoi3zi6gei2heoi3zang1ceoi2lo1me1dou1,吓亦都唔識得點樣去自己去爭取囉咩都
1754407,1756956,lam2zyu6jau5fu6mou5ge3gung1jing3,諗住有父母嘅供應
1789668,1791642,Dak6bit6ge3daai6si6,特別嘅大事
1795783,1796824,zau6hai6,就係
1797144,1800819,ngo5dei6hai2li1dou6hoi1ci2gin3laap6ngo5dei6ge3gaa1ting4laa1,我哋喺呢度開始建立我哋嘅家庭啦
1801086,1803505,Jyu4go2lei5gong2waa6dak6bit6zung3daai6ge3si6,如果你講話特別重大嘅事
1803660,1804826,hou2ge3zau6hai6,好嘅就係
1804859,1806759,ze1hai6di1zai2leoi2ceot1sai3laa1,即係啲仔女出世啦
1807149,1808958,Li1di1zau6hai6daai6si6laa1,呢啲就係大事啦
1809056,1813044,Gam2gan1zyu6di1tai2zyu6di1zai2leoi2zoeng2daai6gam2keoi5dei6duk6jyun4syu1,噉跟住啲睇住啲仔女長大噉佢哋讀完書
1813271,1815824,haa4bat1jip6li1di1dou1hai6daai6si6aa1,吓畢業呢啲都係大事吖
1816568,1818275,jan1wai6ngo5dei6,因為我哋
1818865,1821025,dou1hai6zi6gei2lei4,都係自己嚟
1821032,1822456,li1go3ge3dei6fong1,呢個嘅地方
1823080,1824714,so2ji5,所以
1825035,1829071,baa4baa1maa4maa1aa3hou2do3dou1zung6hai6hai2Hoeng1Gong2m4hai6tung4ngo5dei6jat1cai4,爸爸媽媽啊好多都仲係喺香港唔係同我哋一齊
1829457,1832674,so2ji5lei5waa6jau5mat1dak6bit6daai6si6uk1kei2faat3sang1ge3si6,所以你話有乜特別大事屋企發生嘅事
1833113,1839795,dou1hai6wai4jiu2zyu6ngo5dei6zi6gei2li1go3uk1kei2lo1Ze1hai6ngo5dei6zi6gei2gin3laap6go3li1go3uk1kei2Gam2jan1wai6ngo5dei6dou1hai6,都係圍繞住我哋自己呢個屋企囉即係我哋自己建立個呢個屋企噉因為我哋都係
1840184,1842640,jau5hau6saang1go2si4hoi1ci2gin3laap6,由後生嗰時開始建立
1842746,1843472,so2ji5,所以
1843619,1845511,mou5mat1dak6bit6waa6,冇乜特別話
1846162,1850120,jau5di1me1daai6si4haa6ngo5zi6gei2haa6ngo5dei6,有啲咩大事吓我自己吓我哋
1850521,1852022,sai3lou6zai2aa3,細路仔啊
1852313,1854144,ngo5dei6ge3,我哋嘅
1854309,1856675,tung4taai3taai2ge3fan1jan1aa3go2di1dou1,同太太嘅婚姻啊嗰啲都
1856823,1859932,dou1hou2hou2gin6hong1hou2wan2gu3aa1,都好好健康好穩固吖
1860249,1861187,so2ji5,所以
1862525,1863615,dak6bit6,特別
1863979,1866090,jau5me1daai6si6dou1,有咩大事都
1867597,1870820,dou1mou5mat1waa6dak6bit6ge3daai6si6aa3gam2zau6jau6mou5me1di1,都冇乜話特別嘅大事吖噉就又冇咩啲
1870996,1871835,jau5di1,有啲
1873713,1874945,ngo5dei6,我哋
1875341,1876791,jau6mou5mat1waa6,又冇乜話
1877476,1882197,daai6beng6aa3waak6ze2dak6bit6ge3daai6ji3ngoi6aa3dou1mou5mat1je5aa3haa4,大病啊或者特別嘅大意外啊都冇乜嘢吓
1888686,1892679,Ngo5zi6gei2go3gaa1ting4m4hai6ngo5jau5di1hing1dai6dou1hai2li1dou6,我自己個家庭唔係我有啲兄弟都喺呢度
1892679,1896084,tung4maai4hai2Gaa1naa4Daai6Wan1Go1Waa4,同埋喺加拿大溫哥華
1903724,1907807,Jau5haa6dak6bit6ji4gaa1jan1wai6zai2leoi2daai6zo2le1,有吓特別而家因為仔女大咗呢
1907966,1909503,gam2ngo5dei6ho2ji5bei2gaau3,噉我哋可以比較
1909503,1910604,zi6jau4di1,自由啲
1910760,1913759,Ngo5dei6fong1dai1zai2leoi2ngo5dei6zau6ho2ji5do1di1faan1heoi3,我哋放低仔女我哋就可以多啲返去
1913923,1917888,haa4taam3ngo5dei6ge3Hoeng1Gong2ge3,吓探我哋嘅香港嘅
1918054,1919477,maa4maa1aa3,媽媽啊
1919844,1920621,can1cik1aa3,親戚啊
1920787,1922533,zi6gei2di1hing1dai6gam2lo3,自己啲兄弟噉囉
1927415,1929525,Jyut6lei4jyut6do1laa3jan1wai6,越嚟越多喇因為
1929885,1932236,zai2leoi2daai6zo2gam2,仔女大咗噉
1932917,1936049,lei5zi1go3gaau1tung1jau6fong1bin6zo2laa1,你知個交通又方便咗啦
1936366,1937710,gam2,噉
1937859,1941423,ji5cin4zau6siu2di1jan1wai6sai3lou6zai2zung6sai3ge3si4hau6zau6,以前就少啲因為細路仔仲細嘅時候就
1941773,1942767,haang4m4hoi1,行唔開
1943036,1944752,Jau6jiu3ziu3gu3di1sai3lou6zai2,又要照顧啲細路仔
1945039,1946749,so2ji5zau6hou2siu2,所以就好少
1946920,1953089,dang2dou3ji4gaa1keoi5dei6daai6zo2le1gam2ngo5dei6zau6bei2gaau3zi6jau4di1ho2ji5ceoi4si4dou1,等到而家佢哋大咗呢噉我哋就比較自由啲可以隨時都
1953302,1959901,dou1dou1faan1heoi3ji4gaa1zeoi3gan6dou1hei2maa5jat1lin4jat1ci3dou1faan3dou3faan3heoi3taam3keoi5dei6haa5,都都返去而家最近都起碼一年一次返到返去探佢哋吓
1969730,1972001,hai2Do1Leon4Do1dou1,喺多倫多都
1973224,1974906,tung4Hoeng1gong2dou1mou5mat1,同香港都冇乜
1975052,1977344,taai3daai6ge3fan1bit6haa5jan1wai6,太大嘅分別吓因為
1977387,1981177,Do1leon4Do1zung1gwok3jan4ge3man4faa3le1dou1,多倫多中國人嘅文化呢都
1981503,1984563,jan1wai6ji4gaa1fo1gei6ge3faat3zin2aa3,因為而家科技嘅發展啊
1984993,1988716,loeng5dei6go2go3so2wai6man4faa3keoi5lei4m4hai6gam3jyun5lo1,兩地嗰個所謂文化距離唔係咁遠囉
1989039,1990891,Keoi5dei6hou2do1si4Hoeng1gong2,佢哋好多時香港
1991186,1998575,faat3sang1ge3je5ze1hai6jau5di1me1lau4hang4ge3je5hou2faai3zau6lei4dou3li1cyun2dou3lei4Gaa1Laa4Daai6Do1leon4Do1li1dou6laa3,發生嘅嘢即係有啲咩流行嘅嘢好快就嚟到呢傳到嚟加拿大多倫多呢度喇
1998822,1999595,so2ji5,所以
1999885,2001353,ngo5dou1gok3dak1mou5mat1dak6bit6ge3,我都覺得冇乜特別嘅
2002206,2005110,Ze1hai6mou5mat1dak6bit6ge3daai6ge3fan1bit6,即係冇乜特別嘅大嘅分別
2014827,2019017,baa4baa1maa4maa1jan1wai6gaau3juk6seoi2zeon2ge3man6ge3jyun4jan1zau6,爸爸媽媽因為教育水準嘅問嘅原因就
2021801,2023033,jyu4gwo2gong2,如果講
2023484,2024497,zing3sik1,正式
2024751,2026202,se2ge3,寫嘅
2026499,2029029,waak6ze2zing3sik1ge3,或者正式嘅
2029270,2030646,dim2gong2aa3ze1hai6,點講啊即係
2031448,2035723,ge3jyu5jin4ge3lang4lik6gam2gang2hai6caa2di1laa1keoi5dei6,嘅語言嘅能力噉梗係差啲啦佢哋
2037767,2041661,tung4maai4jan1wai6se3wui2ge3man4faa3ge3goi2bin3aa3,同埋因為社會嘅文化嘅改變啊
2041661,2045037,gam2si4doi6ge3m4tung4aa3gam2,噉時代嘅唔同啊噉
2045605,2047109,gong2ge3syut3waa6,講嘅說話
2047145,2051385,dong1jin4wui5jau5m4tung4laa1ze1hai6go2di1jyu5jin4do1ho2lang4jau5m4tung4laa1,當然會有唔同啦即係嗰啲語言多可能有唔同啦
2053474,2058580,ngo5gok3jyu5jin4ge3go2go3ge3noi6jung4aa3go3jau6m4tung4laa1jau5hou2do1,我覺語言嘅嗰個嘅內容啊個又唔同啦有好多
2058871,2060343,jau5hou2do1go2di1,有好多嗰啲
2060411,2063352,ze1hai6jat1bun1wui6waa2,即係一般會話
2063528,2065062,jung6ge3,用嘅
2065231,2068416,jung6ge3aa3jung6jat1di1aa3,用嘅啊用一啲啊
2068798,2069668,dou1,都
2069864,2074821,gam2jan1wai6si4doi6ge3m4tung4gam2man4faa3jau6hou2daai6fan1bit6gam2hai6,噉因為時代嘅唔同噉文化又好大分別噉係
2074969,2079356,zau3syun3hai6tung4jat1go3jyu5jin4ze1hai6ngo5gong2ngo5dei6gong2Gwong2Dung1waa2laa3,就算係同一個語言即係我講我哋講廣東話啦
2079694,2083790,dou1dou1ji5ging1hou2daai6fan1bit6gaa3dou1jau5jat1ding6haa5,都都已經好大分別㗎都有一定吓
2083939,2087370,dou1jau5jau5go2di1jau5di1hou2daai6ge3m4tung4,都有有嗰啲有啲好大嘅唔同
2087748,2090883,Daan6hai6jat1bun1lei4gong2dou1ze1hai6m4,但係一般嚟講都即係唔
2091082,2091756,dou1,都
2092027,2095104,deoi3keoi5dei6lei4gong2dou1m4hai6jat1go3man6tai4laa1,對佢哋嚟講都唔係一個問題啦
2095140,2097600,Jan1wai6keoi5dei6dou1hai6ceoi4zyu6se5wui2go2go3goi2bin3,因為佢哋都係隨住社會嗰個改變
2097840,2100557,Keoi5dei6dou1hai2dou6sik1jing3gam2cyun4ceoi4zoek6,佢哋都喺度適應噉傳隨着
2100821,2105685,cyun4mui4aa3hou2do1zai3zou6ceot1lei4go2di1man4faa3gam2keoi5dei6dou1jat1jat1dou6gan1laa1gam2,傳媒啊好多製造出嚟嗰啲文化噉佢哋都一一路跟啦噉
2106222,2109337,Hai2jyu5jin4soeng6bin6loeng5doi6ge3kau1tung1,喺語言上便兩代嘅溝通
2109492,2112460,daai6zi3soeng6dou1hai6mou5mat1man6tai4gaa3,大致上都係冇乜問題㗎
2116344,2121378,zung6jau5di1jan1wai6Hoeng1Gong2bei2cyun4mui4jing2hoeng2hou2daai6,仲有啲因為香港畀傳媒影響好大
2121554,2122586,haa4cyun4mui4,吓傳媒
2122636,2127510,Din6si6aa3sau1jam1gei1aa3din6jing2leoi5bin6gong2hou2do1ni1di1,電視啊收音機啊電影裏便講好多呢啲
2127891,2129399,jan1wai6,因為
2131045,2133662,ze1hai6zau6syun3keoi5dei6nin4gei2daai6jat1di1lou5jat1doi6,即係就算佢哋年紀大一啲老一代
2134319,2141717,keoi5dei6jan1wai6seng4jat6dou1jau5tai2din6si6aa3bei2din6si6man4faa3jing2hoeng2gam2keoi5dei6dou1syun3dou6gan1dak1gei2soeng2gaa3,佢哋因為成日都有睇電視啊畀電視文化影響噉佢哋都算做跟得幾上㗎
2142077,2143076,so2ji5,所以
2143385,2145936,jau5dong1jin2wui5jau5,有當然會有
2146217,2149381,ze1hai6so2wai6doi6,即係所謂代
2149589,2153294,doi6jyu5doi6zi1gaan1go2go3jyu5jin4ge3jat1go3ge3man4faa3,代與代之間嗰個語言嘅一個嘅文化
2153621,2155314,Dong1jin2jau5m4tung4,當然有唔同
2155365,2158200,Daan6hai6jat1bun1lei4gong2,但係一般嚟講
2158414,2160322,dou1mou5mat1dak6bit6ge3,都冇乜特別嘅
2160711,2162936,kau1tung1soeng2min6jau5kwan3naan4,溝通上面有困難
2163099,2164465,Hai6jau5di1,係有啲
2164617,2165952,jau5di1wui5jau5,有啲會有
2166446,2173905,daan6hai6go2di1hai6jau6haa4jau5di1dak6bit6ge3dak6bit6ge3le1dou1wui6jau5ge3jan1wai6jau5di1,但係嗰啲係又吓有啲特別嘅特別嘅呢都會有嘅因為有啲
2174137,2178326,jau5jat1jau5jat1di1bei2gaau3so2wai6ceot1wai2di1ge3cing1nin4jan4aa3,有一有一啲比較所謂出位啲嘅青年人啊
2178500,2180273,hei2fun1dak6dang1,喜歡特登
2180480,2182847,zyun1zyun1dang1le1hai6gong2jat1di1,專專登呢係講一啲
2183104,2184279,hai6keoi5dei6,係佢哋
2184473,2187354,zi1gaan3sin1zi3ming4baak6go2di1go2di1go2di1,之間先至明白嗰啲嗰啲嗰啲
2187578,2189115,go2di1jin4jyu5le3,嗰啲言語呢
2189299,2190671,gam2ho2lang4hai6,噉可能係
2190724,2196924,hai6jau5di1m4tung4aa3Daan6hai6gei1bun2soeng6li1go3dou1m4hai6jat1go3pou2pin3ge3zoeng6zing1lo3,係有啲唔同啊但係基本上呢個都唔係一個普遍嘅象徵囉
2205446,2210102,dong1jin4jau5jan1wai6ngo5dei6m4hai6hai2li1dou6tou2sang1tou2zoeng2,當然有因為我哋唔係喺呢度土生土長
2210326,2212502,aa4gam2ngo5dei6jyu5jin4ge3lang4lik6,吓噉我哋語言嘅能力
2212791,2217158,ci2zung1jan1wai6ji5ging1zoeng2daai6zo2zi1hau6sin1zi3lei4dou3li1dou6le3,始終因為已經長大咗之後先至嚟到呢度呢
2217473,2220354,ci2zung1go2go3jyu5jin4ge3lang4lik6hai6,始終嗰個語言嘅能力係
2220525,2222694,hai6jau5haan6ge3jau5haan6zai3ge3,係有限嘅有限制嘅
2223102,2225556,Faat3jam1aa3tung4maai4jau5si4,發音啊同埋有時
2225729,2230063,si1soeng2ze1hai6tau4lou5soeng3bin6so2biu2soeng2biu2daat6ge3,思想即係頭腦上便所表想表達嘅
2230301,2235598,hai6jau5si4hai6m4m4ci4bat1daat6ji3ze1hai6jung6m4dou2hou2sik1dong3ge3,係有時係唔唔詞不達意啊即係用唔到適當嘅
2235830,2241757,ze1hai6go2go3gong2je5go3fong1sik1lei4dou3heoi3biu2daat6jau5si4wui6,即係嗰個講嘢個方式嚟到去表達有時會
2241807,2242956,jan1wai6go2go3,因為嗰個
2243393,2250598,hai2ngo5dei6go2go3si1soeng2tau4lou5soeng6bin6ngo5dei6ji5ging1hai6bei2ngo5dei6zoeng2daai6ge3zung1man4go2go3waan4ging2haai6aa3,喺我哋嗰個思想頭腦上便我哋已經係畀我哋長大嘅中文嗰個環境係啊
2250939,2252154,gu3ding6zo2,固定咗
2252390,2253558,Jau5si4go2go3,有時嗰個
2253770,2256399,si1soeng2soeng6bin6,思想上便
2256720,2261241,go2go3faan2jing3aa3tung4maai4go2go3biu2daat6hai6wui5,嗰個反應啊同埋嗰個表達係會
2261665,2268161,hai6bei2gaau3jung6jing1man2hai6bei2gaau3naan4ge3jau5si4ze1hai6m4hai6jat1go3gam3zi6jin4ge3,係比較用英文係比較難嘅有時即係唔係一個咁自然嘅
2268454,2269966,zi6jin4ge3,自然嘅
2270104,2272823,ge3jat1go3ge3biu2daat6ge3lang4lik6lo1,嘅一個嘅表達嘅能力囉
2273192,2275229,Gam2tung4ngo5dei6ji4gaa1di1,噉同我哋而家啲
2275369,2277868,zai2leoi5li1jat1doi6li1go3keoi5dei6hai2li1dou6zoeng2daai6,仔女呢一代呢個佢哋喺呢度長大
2278062,2279398,gam2keoi5dei6ge3,噉佢哋嘅
2279497,2282886,ho2ji5waa6keoi5dei6ge3dai6jat1ji5jyu5jin4hai6jing1man2laa1,可以話佢哋嘅第一語語言係英文啦
2283146,2288476,Gam2dong1jin4gam2zau6daai6gaa1bei2ci3hai6jau5go3jau5go3keoi5lei4,噉當然噉就大家彼此係有個有個距離
2288768,2291012,Zau6syun3tung4keoi5dei6kau1tung1le3,就算同佢哋溝通呢
2291363,2294897,ngo5dei6dou1jiu3jung6jing1man2lei4dou3kau3tung1aa1maa3,我哋都要用英文嚟到溝通吖嘛
2295077,2295952,so2ji5,所以
2296803,2299935,haa4gei1bun2soeng6jyu4go2gong2,吓基本上如果講
2300128,2303406,ze1hai6jing1man2ge3,即係英文嘅
2303729,2304584,go2go3,嗰個
2304977,2310151,jing6sik1go2go3ge3cing4dou6le1waak6ze2ngo5dei6liu5gaai2go3cing4dou6le1hai6mou5man6tai4,認識嗰個嘅程度呢或者我哋了解個程度呢係冇問題
2310550,2312911,Daan6hai6zyu2jiu3hai6biu2daat6,但係主要係表達
2313302,2315135,tung4maai4go2go3faan2jing3,同埋嗰個反應
2315386,2319702,fong1min6go2go3ge3lang4lik6hai6ci2zung1jau5jau5,方面嗰個嘅能力係始終有有
2320107,2322594,jau5jau5haan6zai3,有有限制
2323118,2327600,Zau6mou5gam2mou5tung4hai2li1dou6zoeng2daai6,就冇咁冇同喺呢度長大
2327878,2331377,go2di1go2go3jyu5jin4ge3lang4lik6gam3,嗰啲嗰個語言嘅能力咁
2331583,2333023,hai6lei4dak1gam3zi6jin4,係嚟得咁自然
2333085,2334612,ci3zung1ngo5dei6mou5,始終我哋冇
2334781,2336039,mou5li1jat1zung2,冇呢一種
2337041,2339516,haa4heoi3m4dou2li1go3gam2ge3cing4dou6haa4,吓去唔到呢個噉嘅程度吓
2353131,2354911,nei5ho2m4ho2ji5zoi3gong2do1ci3aa3,你可唔可以再講多次啊
2368954,2370862,wui5jau5jan1wai6,會有因為
2371370,2375040,Ngo5dei6hai2Hoeng1Gong2zoeng2daai6go2go3waan4ging2ge3dak6bit6aa1maa3,我哋喺香港長大嗰個環境嘅特別吖嘛
2375512,2378862,Jan1wai6ngo5dei6hai2Hoeng1Gong2zoeng2daai6waan4ging2ge3si4hau6ngo5dei6duk6syu1hai6,因為我哋喺香港長大環境嘅時候我哋讀書係
2379552,2384271,hai6waa6ze1hai6gong2zau6waa6jiu3jung6jing1man2haa4daan6hai6,係話即係講就話要用英文吓但係
2384471,2386869,jat1bun1lei4gong2jan1wai6dou1hai6,一般嚟講因為都係
2386976,2388654,zung1gok3jan4ge3se5wui2,中國人嘅社會
2389012,2390886,so2ji5ngo5dei6gong2ge3,所以我哋講嘅
2391423,2395120,ceoi4zo2hai2ze1hai6soeng5tong4ge3si4hau6,除咗喺即係上堂嘅時候
2395496,2397731,hai6tung4lou5si1,係同老師
2397985,2402044,go2go3ge3go2go3gaau3tung1deoi3waa6zau6jiu3jung6jing1man2,嗰個嘅嗰個交通對話就要用英文
2404427,2407874,Tung4hok6zi1gaan1dou1hou2siu2jung6jing1man2lei4dou3heoi3kau3tung1,同學之間都好少用英文嚟到去溝通
2408120,2409523,Dou1hai6jung6faan3zung1man2,都係用返中文
2409756,2416419,Daan6hai6ngo5dei6jau6jau5jau6jan1wai6duk6syu1aa3tung4maai4ceot1lei4zou6si4hai2Hoeng1Gong2go2go3se5wui2zau6hai6,但係我哋又有又因為讀書啊同埋出嚟做事喺香港嗰個社會就係
2416731,2420276,ci5zung1dou1hai6jiu3jung6jing1jing1man2sin1zi3,始終都係要用英英文先至
2420471,2422884,hai6ceot1lei4zou6je5bei2gaau3,係出嚟做嘢比較
2423042,2427593,fong1bin6di1jan1wai6ceot1lei4zou6je5dou1jau5ngoi5gok3ge3jan4,方便啲因為出嚟做嘢都有外國嘅人
2428417,2430460,so2ji5ngo5dei6dou3hai6loeng5kau1gaa3,所以我哋到係兩溝嘅
2431181,2434228,so2ji5jau5si4gong2ge3syut3waa6hai6dong1jin4hai6wui5jau5,所以有時講嘅說話係當然係會有
2434720,2437213,wan6haap6zo2ze1hai6zau6syun3ngo5dei6gong2,混合咗即係就算我哋講
2437366,2440276,zung1man2dou1wan6haap6zo2di1jing1man2hai2dong1zung1lo1,中文都混合咗啲英文喺當中囉
2440527,2440952,haa4,吓
2446708,2449058,Jyu4gwo2gong2zung1gok3jan4zau6,如果講中國人就
2449582,2453033,jat1di1di1laa1dou1dou1caa1m4do1laa1haa4,一啲啲啦都都差唔多啦吓
2453527,2455466,jan1wai6ji4gaa1zung1gok3jan4do1le1,因為而家中國人多呢
2455758,2456534,dak6bit6,特別
2456694,2458566,jan1wai6jan4sou3do1zo2,因為人數多咗
2458882,2460278,keoi5dei6,佢哋
2460424,2463096,ze1hai6ngo5dei6laa1ze1hai6m4seoi1jiu3,即係我哋啦即係唔需要
2463342,2468478,jau5si4zan1hai6m4seoi1jiu3jat1ding6jiu3jung6jing1man2sin1zi3ho2ji5ceot1heoi3zou6dou2si6,有時真係唔需要一定要用英文先至可以出去做到事
2468885,2469433,haa4,吓
2469640,2471430,Ceot1ceot1heoi3maai5je5aa3,出出去買嘢啊
2471670,2477779,Waak6ze2ceot1heoi3hou2do1kei4taa1dei6fong1le1ho2ji5jung6zung1man2zau6dak1la1maa3so2ji5zau6,或者出去好多其他地方呢可以用中文就得啦嘛所以就
2479414,2483941,bin3zo2zau6m4jat1ding6jiu3dou1m4jat1ding6koeng4bik1dou2zi6gei2jat1ding6jung6jing1man4,變咗就唔一定要都唔一定強逼到自己一定用英文
2484132,2487110,Hou2do1ni1di1ge3so2wai6ji4man4ge3,好多呢啲嘅所謂移民嘅
2487372,2488431,dou1,都
2488613,2493267,dou1dou1hai6tung4jat1tung4jat1joeng6laa1ze1hai6loeng5zung2ge3jyu5jin4dou1hai6tung4joeng2,都都係同一同一樣啦即係兩種嘅語言都係同樣
2493507,2495457,wan6hap6maai4jat1cai4lo1,混合埋一齊囉
2533399,2536544,daai6zi3soeng6dou1dou1dak1,大致上都都得
2536875,2537530,jan1wai6,因為
2539074,2541153,Hoeng1Gong2aa3tung4zung1gok3daai6luk6,香港啊同中國大陸
2542490,2546162,jan1wai6zung1gok3daai6luk6do1sou3dou1hai6gong2gok3jyu5waak6ze2pou2tung1waa2,因為中國大陸多數都係講國語或者普通話
2546718,2550210,ceoi4zo2hai2laam4fong1ze1hai6gwong2dung1go2di1lei4le3,除咗喺南方即係廣東嗰啲嚟呢
2550460,2553898,Jau5si4dou1fan1fan1m4dou2ge3,有時都分分唔到嘅
2554222,2556657,Daan6hai6kei4taa1dei6fong1lei5waa6pei3jyu4,但係其他地方你話譬如
2557004,2558783,teng1keoi5dei6,聽佢哋
2559740,2563444,gong2zung1zung1man2gong2jing1man2gam2laa1,講中中文講英文噉啦
2563852,2565737,dou1jau5si4dou1,都有時都
2565911,2568264,fan1bit6dou2keoi5dei6hai2aa3bin1dou6lei4gaa3,分別到佢哋喺啊邊度嚟㗎
2571231,2573604,Hau2jam1aa3tung4maai4keoi5dei6ge3,口音啊同埋佢哋嘅
2573806,2575471,ze1hai6keoi5dei6ge3faat3jam1aa3,即係佢哋嘅發音啊
2575942,2577723,tung4maai4keoi5dei6ge3,同埋佢哋嘅
2580389,2584485,ngo5lam2do1sou3dou1hai6hau2jam1laa1waak6ze2gin3dou2keoi5dei6go2go3ge3,我諗多數都係口音啦或者見到佢哋嗰個嘅
2584698,2587881,ze1hai6kei4taa1waa6e2,即係其他或者
2588680,2592723,hai6go2go3ge3ge3ze1hai6hai2go3go2dou6,喺嗰個嘅嘅即係喺個嗰度
2592941,2593712,Dou1gam2,都感
2593863,2595715,dou1ho2ji5gam2gok3dou2keoi5dei6,都可以感覺到佢哋
2595949,2598505,go2go3hai2bin1dou6lei4ge3jau5si4dou1,嗰個喺邊度嚟嘅有時都
2598900,2600840,dou1dak1ge2haa4,都得嘅吓
2600987,2602710,hoeng1Gong2lei4ge3zau6hou2jung4ji6,香港嚟嘅就好容易
2603000,2604766,hou2jung4ji6,好容易
2604766,2607597,jing6dou2aa3dou2aa3,認到啊到啊
2607871,2609369,jan1wai6go2go3man4faa3,因為嗰個文化
2609802,2611211,haa5gong2ge3je5aa3,吓講嘅嘢啊
2611365,2615019,go2go3ge3jyu5hei3aa3jung4ge3ci4jyu5aa3,嗰個嘅語氣啊用嘅詞語啊
2615853,2618590,zau6Hoeng1Hoeng1Gong2ge3ngo5dei6hou2jung4ji6,就香香港嘅我哋好容易
2618759,2619330,ze1hai6,即係
2619482,2621378,dou2haa4,到吓
2629639,2632629,dai6di1zung1gwok3jan4aa1je1waai6bun2dei6,第啲中國人吖抑或係本地
2637414,2640772,Jyu4gwo2hai6bun2dei6ge3zau6keoi5dei6m4zi1ge3hou2laan4ge3,如果係本地嘅就佢哋唔知嘅好難嘅
2641267,2641764,aa4,吓
2644223,2645629,zung1gwok3jan4,中國人
2645860,2648156,daai6gaa1zung1gwok3jan4le3keoi5dei6dou1wui5,大家中國人呢佢哋都會
2648773,2651681,ho2lang4dou1wui5fan1dou2ge3,可能都會分到嘅
2652169,2654921,aa4jan1wai6keoi5keoi5ze1hai6,吓因為佢佢即係
2655188,2656460,ze1hai6ngo5dei6gong2ge3,即係我哋講嘅
2656752,2658598,pei3jyu4lei4waa6jyu4gwo3zung1gwok3daai6luk6lei4ge3,譬如你話如果中國大陸嚟嘅
2658961,2661430,keoi5dei6tung4ngo5dei6gong2je5,佢哋同我哋講嘢
2662003,2663340,jyu4gwo2gong2jing1man2,如果講英文
2663820,2665566,keoi5dei6dou1ho2ji5fan1,佢哋都可以分
2666052,2667482,dou1teng1dou2jau5fan1bit6,都聽到有分別
2667899,2672074,Jyu4gwo2gong2zung1man4le1gam2a6gang2hai6fan1bit6laa1ngo5dei6gong2gwong2Dung1waa2haa6,如果講中文呢噉就梗係分別啦我哋講廣東話吓
2673531,2674044,Dou1,都
2674505,2677316,dou1fan1dou2gaa3jing1goi1jat1bun1lei4gong2haa4,都分到㗎應該一般嚟講吓
2684710,2685853,Jing1man2,英文
2690283,2691985,Zeoi3hou2ge3jing1man2,最好嘅英文
2696029,2700085,hai6me1ji3si1zeoi3dim2wai4zi1zeoi3hou2aa3zeoi3,喺咩意思最點為之最好啊最
2703062,2706291,hai2Gaa1Laa4Daai6li1go3do1jyun4man4faa3ge3,喺加拿大呢個多元文化嘅
2706603,2707678,ge3ge3,嘅嘅
2707870,2710734,jing2hoeng2dai2haa6mou5mat1dak6bit6gaa3laa3,影響底下冇乜特別㗎喇
2710970,2712405,Jan1wai6hou2do1jan4dou1waa6,因為好多人都話
2712692,2717883,dim2wai4zi1zeoi3hou2ge3jing1man2lei5tai2haa5ngo5dei6ge3,點為之最好嘅英文你睇下我哋嘅
2718664,2722157,Keoi5dei6gong2jing1man2dou1m4hai6zeoi3hou2ge3jing1man2haa4so2ji5,佢哋講英文都唔係最好嘅英文吓所以
2722556,2726576,ji5ce2Gaa1Laa4Daai6jan1wai6do1jyu4man4faa3hou2do1m4tung4ge3gwok3gaa1lei4ge3jan4,而且加拿大因為多元文化好多唔同嘅國家嚟嘅人
2726911,2728902,dou1daai6jau5m4tung4ge3hau2jam1lo1,都帶有唔同嘅口音囉
2729632,2733241,Gam2daai6gaa1dou1bei2ci2hou2zip3laap6hou2zip3sau6,噉大家都彼此好接納好接受
2733663,2738424,so2ji5mou5jat1go3dak6bit6waa6dak6bit6zing3zing3tung2ge3jing1man2ge3,所以冇一個特別話特別正正統嘅英文嘅
2738640,2741474,Zau6syun3ze1hai6ceot1lei4zou6si6le1,就算即係出嚟做事呢
2741716,2744198,jau5di1bun2dei6ge3jan4keoi5dei6dou1,有啲本地嘅人佢哋都
2744519,2748289,hou2sau6dat1lok6ze1hai6hou2zip3sau6dou2ngo5dei6,好收得落即係好接受到我哋
2748619,2750633,gong2ge3jing1man2ge3kei4sat6,講嘅英文嘅其實
2750856,2754726,ngo5dei6hou2do1si4jau5si4ngo5dei6ngo5zi6gei2gam2laa3,我哋好多時有時我哋我自己噉喇
2754912,2757586,ngo5ji5wai4ngo5zi6gei2ge3jing1man2m4hai6gam3hou2le1,我以為我自己嘅英文唔係咁好呢
2757881,2762730,daan6hai6hai2keoi5dei6lei4gong2keoi5dei6gok3dak1ngo5dei6jing1ze1hai6ngo5ge3jing1man2ji5ging1hai6hou2hou2gaa3,但係喺佢哋嚟講佢哋覺得我哋英即係我嘅英文已經係好好㗎
2762730,2763225,haa4,吓
2763538,2765586,Gam2ngo5jau5si4ngo5dou1gok3dak1hou2kei4kwaai3haa5,噉我有時我都覺得好奇怪吓
2765943,2767501,Ngo5ji5wai4zi6gei2gong2dak1hou2caa1,我以為自己講得好差
2767663,2771767,Daan6hai6jyun4loi6keoi5dei6waa6m4hai6aa3gong2dak1hou2hou2gaa3gok3dak1ngo5dei6,但係原來佢哋話唔係啊講得好好㗎覺得我哋
2772836,2774237,haa4so2ji5,吓所以
2774413,2776235,faan1faan1lei4lei5go3man6tai4ngo5gok3dak1,返返嚟你個問題我覺得
2776465,2779928,dak6bit6hai2jan1wai6Gaa1naa4Daai6li1go3se5wui2leoi3bin6zau6mou5mat1dak6bit6,特別喺因為加拿大呢個社會裏便就冇乜特別
2780357,2781617,jau6jau5bin1jat1,又有邊一
2781766,2783921,zung2jing1man2sin1zi3wai3zi1biu1zeon2ge3,種英文先至為之標準嘅
2784097,2786328,Ngo5zi6gei2gok3dak1haa4,我自己覺得吓
2793145,2796242,Zeoi3jung4ji6ming4baak6jing1man2,最容易明白英文
2797164,2798658,dou1,都
2800264,2801596,mou5waa6,冇話
2803425,2805215,dou1mou5mat1dak6bit6ngo5faat3gok3,都冇乜特別我發覺
2805247,2806640,mou5mat1waa6bin1joeng6,冇乜話邊樣
2806801,2808338,zeoi3laan4ze1hai6,最難即係
2809417,2811865,ngo5tai2m4dou2jau5me1fan1bit6lo1,我睇唔到有咩分別囉
2812292,2817229,Lei5waa6jyu4gwo2hai2Mei5Gok3haa6bin6jan1wai6Mei5Gok3laam4bou5aa3go2di1jan4gong2jing1man2hai6,你話如果喺美國下便因為美國南部啊嗰啲人講英文係
2817431,2819250,jau5m4tung4ge3hau2jam1aa3,有唔同嘅口音啊
2819605,2824551,m4tung4dai6waak6ze2tung4dai6ji6go3bou6fan6jau5m4tung4hau2jam1daan6hai6Gaa1naa4Daai6,唔同第或者同第二個部分有唔同口音但係加拿大
2825446,2826587,ceoi4zo2go2di1,除咗嗰啲
2826850,2831461,faat3gok3jan4ze1hai6faat3jeoi3gong2jing1man2hai6jau5m4hau2jam1,法國人即係法裔講英文係有唔口音
2831974,2833357,dou1mou5mat1,都冇乜
2833753,2835871,ze1hai6ngo5gok3dak1dou1mou5mat1waa6dak6bit6,即係我覺得都冇乜話特別
2836820,2839835,Jat1go3dak6bit6hou2ge3jing1man2laa1haa4,一個特別好嘅英文啦吓
2845862,2851908,lai5maau6soeng6ho2lang4hou2siu2gaa3ngo5dei6hou2siu2jyu3dou2gam2ge3man6tai4lo1zau6syun3jau5si4,禮貌上可能好少㗎我哋好少遇到噉嘅問題囉就算有時佢
2852455,2853185,ngo5dei6,我哋
2853415,2854808,gong2ge3si4hau6,講嘅時候
2854984,2858169,zek3so2wai6ze1hai6zo2dou1hou2laa1,即係所謂即係咗都好啦
2858530,2861213,keoi5dei6m4wui5waa6goi2zing3ngo5dei6,佢哋唔會話改正我哋
2861384,2864289,Keoi5zi2bat1go3bong1ngo5dei6zip6maai4lok6heoi3gam2joeng2,佢只不過幫我哋接埋落去噉樣
2864812,2867073,Ze1hai6dong1ngo5dei6ge3si4hau6,即係當我哋嘅時候
2867244,2870071,keoi5zau6bong1ngo5dei6go3gam2wui5jau5,佢就幫我哋個噉會有
2870361,2874375,daan6hai6zau6m4wui6waa6goi2goi2ngo5dei6gong2co3zo2goi2ngo5dei6gam2lo1,但係就唔會話改改我哋講錯咗改我哋噉囉
2874829,2876967,Ji5cin4do1di1ge3,以前多啲嘅
2877001,2880636,Waak6ze2ji5cin4ngo5dei6jing1man2jau6m4hai6gam3hou2laa3ze1hai6ngaam1ngaam1lei4,或者以前我哋英文又唔係咁好啦即係啱啱嚟
2880866,2882885,Gam2jau5si4hai6m4sik1,噉有時係唔識
2883317,2887728,haa4dak6bit6jau5di1Gaa1Laa4Daai6ngo5lam2hei2laa3,吓特別有啲加拿大我諗起喇
2887928,2890802,Gaa1Laa4Daai6ngo5lam2zeoi3daai6ge3man6tai4zau6hai6hou2do1si4jau5di1faat3,加拿大我諗最大嘅問題就係好多時有啲法
2890974,2892481,jau5di1faat3man4hai2dou6aa3,有啲法文喺度啊
2892830,2896992,aa4hou2ci3ngo5gaan1zung1hok6giu3zou6,吓好似我間中學叫做
2897177,2902215,Gam2hai6faat3man4ge3faat3jam1gam2daan6hai6lei4tai2lok6heoi3ge3jing1man2zau6,噉係法文嘅發音噉但係你睇落去嘅英文就
2902374,2905001,gam2ngo5dei6jau5si4ngo5dei6jan1wai6m4zi1co1lei4,噉我哋有時我哋因為唔知初嚟
2905165,2906295,gam2ngo5dei6zau6duk6,噉我哋就讀
2906495,2909474,duk6go2di1duk6jing1man2gam2laa3gam2,讀嗰啲讀英文噉喇噉
2909671,2911593,gam2keoi5dei6zau6m4zi1ngo5dei6gong2mat1gaa3laa3,噉佢哋就唔知我哋講乜㗎喇
2911751,2916671,Gam2li1go3hai6jat1go3kwan3naan4lo1ho2lang4hai2Gaa1Laa4Daai6lei4gong2za6jau5di1hai6gei2sat3hai6,噉呢個係一個困難囉可能喺加拿大嚟講就有啲係其實係
2917109,2919073,jiu3jung6faat3man4go2go3ge3,要用法文嗰個嘅
2919725,2923091,go2go3ping3jam1duk6gam2ngo5lam2li1go3hai6,嗰個拼音讀噉我諗呢個係
2923307,2926645,haa4gaa1Laa4Daai6dak6bit6duk6dak6di1ge3man6tai4lo1ho2lang4,吓加拿大特別獨特啲嘅問題囉可能
