NUM, PINYIN, EXPECTED
1,ngo5giu3jiu4man4gin6,我叫姚
2,jat1gau2gau2gau2nin4,一九九九年
3,hai6sap6luk6,係十六
5,ngo5uk1kei5jau5de2di4maa1mi4ngo5hai6jat1go3duk6saang1zi2,我屋企有嗲哋媽咪我係一個獨生子
6,dai6jat1taat3zyu6aa4,第一撻住呀
7,ji5ging1hai6hai2hoeng1gong2hung4ham3keoi1ge3wong4bou3faa1jyun4lo1,已經係喺香港紅磡區嘅黃埔花園囉
8,zyu6zo2gei2noi6aa4jing1goi1jau4ngo5ceot1sai3hoi1ci2ji5ging1hai6zyu6hai2go2dou6mou5bun1gwo3gaa1so2ji5jing1goi1dou1hai6sap6luk6nin4,住咗幾耐呀應該由我出世開始已經係住喺嗰度冇搬過家所以應該都係十六年
9,hai6,係
10,lau2lai4gaa3lo1,樓嚟㗎囉
11,dou1hai6fu6mou5lo1de2di4maa1mi4zau6hai6gam2,都係父母囉嗲哋媽咪就係咁
12,dou1hai6jat1joeng6hai6hai2hoeng1gong2daan6hai6ne1go3sat6zat1ge3keoi1ngo5zau6m4hai6hou2cing1co2laa3,都係一樣係喺香港但係呢個實質嘅區我就唔係好清楚啦
13,zou2zik6,祖藉
14,hoeng1haa5aa4m4gei3dak1hou2ci5hai6mai6jau5jat1go3hai6cung4hing3ge3,鄉下呀唔記得好似係咪有一個係重慶嘅
15,ngo5zi6gei2m4hai6hou2gei3dak1laa3,我自己唔係好記得啦
17,jing1goi1zau6m4hai6ge3keoi5dei6jing1goi1hai6daai6luk6lok6lai4ge3,應該就唔係嘅佢地應該係大陸落嚟嘅
18,jing1goi1dou1hai6soeng2saang1wut6hou2di1gwaa3waak6ze2ho2nang4hai6zung1gwok3go2zan6si4ne1go3zing3guk6wan6lyun6go2di1so2ji5keoi5dei6gok3dak1hoeng1gong2go3saang1wut6cing4fong3bei2gaau3hou2gam2mai6bun1zo2lok6lai4lo1,應該都係想生活好啲掛或者可能係中國嗰陣時呢個政局混亂嗰啲所以佢地覺得香港個生活情況比較好咁咪搬咗落嚟囉
19,gung4gung1zau6teng1gwo3zau6hou2ci5waa6keoi5dei6hai6jau4seoi2gwo3lai4gaa3lo1,公公就聽過就好似話佢地係游水過嚟㗎囉
20,aa3je4je5go2bin1zau6hou2siu2tung4keoi5soeng1cyu2zik1hai6gei1bun2soeng6ngo5tung4keoi5seong1cyu2ge3si4gaan3hai6syun3dyun2so2ji5cing4fong3zau6m4hai6hou2zi1,阿爺爺嗰邊就好少同佢相處即係基本上我同佢相處嘅時間係算短所以情況就唔係好知
21,maa4maa4zau6gang3gaa1mei6gin3gwo3tim1ho2ji5waa6hai6,嫲嫲就更加未見過添可以話係
22,hai6aa3,係呀
23,jau4seoi2gwo3lai4dim2joeng6ge3jat1go3cing4jing4aa4,游水過嚟點樣嘅一個情形呀
24,kei4sat6dong1nin4keoi5dei6jau4seoi2lok6lai4zau6jat1ding6m4hai6ji5zing3kwai1ge3sau2zuk6gwo3lai4gaa3laa3jat1ding6hai6tau1dou6gwo3lai4gaa3laa3hai6mai6,其實當年佢地游水落嚟就一定唔係以正規嘅手續過嚟㗎啦一定係偷渡過嚟㗎啦係咪
25,gam2keoi5dei6jau4seoi2zau6dim2jau4ngo5zau6m4zi1laa3,咁佢地游水就點游我就唔知啦
26,ze1hai6jyu4gwo2gong2dou3gam2sam1jap6gong2dou3waa6keoi5dei6jung6me1sik1jau4ge3ngo5zau6m4cing1co2laa3,啫係如果講到咁深入講到話佢地用咩式游嘅我就唔清楚啦
27,hai6laa3,係啦
28,daan6hai6zing6hai6zi1dou6keoi5dei6hai6fei1faat3gam2joeng6tau1dou6lok6lai4gaa3lo1,但係淨係知道佢地係非法咁樣偷盗落嚟㗎囉
29,se5keoi1zing1san4ngo5lam2zau6jing1goi1hai6jat6zim6seoi1lok6gaa3laa3ji5ging1,社區精神我諗就應該係日漸衰落㗎啦已經
30,ze1hai6bei6hei2ji5cin4di1jan4lai4gong2di1jan4ji5cin4zau6gang3gaa1tyun4git3aa3waak6ze2hai6me1,啫係比起以前啲人嚟講啲人以前就更加團結呀或者係咩
31,zau6syun3m4hai6zing6hai6ngo5zi6gei2go2keoi1hai2hok6haau6jap6bin3laa1hou2ci5di1tung4hok6gam2joeng6keoi5dei6deoi3jyu1zi6gei2jat1go3san1fan6ge3jing6tung4ji5ging1hoi1ci2jyut6lai4jyut6bok6joek6laa3,就算唔係淨係我自己嗰區喺學校入邊啦好似啲同學咁樣佢地對於自己一個身份嘅認同己經開始越嚟越薄弱啦
32,zik1hai6jyu4gwo2man6nei5hai6suk6jyu1me1ge3jan4aa3keoi5dei6ning4jyun6daap3hoeng1gong2jan4dou1m4wui5daap3zung1gwok3jan4laa3,即係如果問你係屬於咩嘅人呀佢地寧願答香港人都唔會答中國人啦
33,daan6hai6ngo5go3jan4ne1ngo5zau6zung6hai6wui5ziu3daap3zi6gei2hai6zung1gwok3ge3hoeng1gong2jan4ge3,但係我個人呢我就仲係會照答自己係中國嘅香港人嘅
34,ze1hai6ci2zung1zung1gwok3hai6ngo5zi6gei2ge3zou2gwok3gam2ngo5jau6m4wui5waa6deoi3keoi5jan1wai6jau5di1me1ge3jing2hoeng2ji4wui5deoi3keoi5jau5pin1gin3waak6ze2hai6ji4m3heoi3jing6tung4keoi5lo1,啫係始終中國係我自己嘅祖國咁我又唔會話對佢因為有啲咩嘅影響而會對佢有偏見或者係而唔去認同佢囉
35,bit6meng2aa4,別名呀
36,bit6meng2zau6jing1goi1mou5wo3,別名就應該冇喎
37,ze1hai6ho2nang4ze1hai6nei5hou2ci5leoi6ci5faa1meng2gam2joeng6go2di1aa4,啫係可能啫係你好似類似花名咁樣嗰啲呀
38,mou5lo1ngo5dei6go2bin1zau6,冇囉我地嗰邊就
39,zing6hai6zi1ji5cin4hai6jyu4gong2lo1keoi5si6hau6zi1hau6tin4hoi2sin1zi3bin3zo2ji4gaa1hung4ham3keoi1zaa1maa3,淨係知以前係漁港囉佢事後之後填海先至變咗而家紅磡區咋嘛
40,hai6lo1ji5cin4tung4maai4ngo5dei6ji4gaa1syun4go2go3gaai1meng2giu3syun4ging2gaai1ze1hai6ho2ji5tai2dak1ceot1keoi5ji5cin4hai6syun4gaa3laa1hai6wai4zyu2,係囉以前同埋我地而家船嗰個街名叫船景街啫係可以睇得出佢以前係船㗎啦係為主
41,leon4geoi1aa4,鄰居呀
42,m4syun3giu3zou6taai3can1mat6,唔算叫做太親密
43,ding6zi2bat1gwo3zau6hai6ho2nang4ziu1zou2hei2san1tung4daap3tung4jat1gaa3lip1ge3si4hau6wui5daa2go3ziu1fu1gam2joeng6lo1,定只不過就係可能朝早起身同搭同一架𨋢嘅時候會打個朝呼咁樣囉
44,ji5cin4zau6jau5jat1wai2zau6gang3gaa1can1cit3di1ge3zau6hai2gung1zok3soeng6min6ho2nang4jau5di1me1ge3sik6mat6aa3waak6ze2hai6jat1di1jam2ban2keoi5lo2zo2faan1lai4ge3waa6ne1keoi5hai6wui5tung4ngo5dei6fan1hoeng2lo1,以前就有一位就更加親切啲嘅就喺工作上面可能有啲咩嘅食物呀或者係一啲飲品佢攞咗返嚟嘅話呢佢係會同我地分享囉
45,daan6hai6ji4gaa1zau6siu2zo2laa3ji4gaa1mou5zo2jan1wai6keoi5bun1zau2zo2laa3,但係而家就少咗啦而家冇咗因為佢搬走咗啦
46,kei4taa1go2di1dou1hai6zau6gum2daa2ziu1fu1zau6ji5ging1hai6fei1soeng4zi1gik6haan6ji5ging1hai6jat1go3gik6haan6lai4gaa3laa3ngo5lam2,其他嗰啲都係就咁打朝呼就已經係非常之極限已經係一個極限嚟㗎啦我諗
47,leon4geoi1aa4dat6faat3si6gin6aa4,鄰居呀突發事件呀
48,ci2zung1ngo5jing6wai4ze1hai6lai6jyu4ho2nang4zau6syun3m4hai6jau5dat6faat3si6gin6faat3saang1,始終我認為啫係例如可能就算唔係有突發事件發生
49,waak6ze2ho2nang4hai6jyu6fong4laa1bei2ding6ho2nang4lai6jyu4jyu6fong4zau6ho2nang4bei2jat1di1bei2ding6uk1kei5so2si4bei2keoi5dei6aa3go2di1hau6bei6so2si4ne1ngo5go3jan4zau6m4hai6hou2ne1joeng6je5ge3,或者可能係預防啦俾定可能例如預防就可能俾一啲俾定屋企鎖匙比佢地呀個啲後備鎖匙呢我個人就唔係好呢樣野嘅
50,ze1hai6ngo5gok3dak1zau6seoi1jin4waa6ho2nang4nei5tung4keoi5soeng1cyu2noi6daan6hai6m4doi6biu2nei5zan1hai6jyun4cyun4heoi3liu5gaai2deoi3fong1ge3zan1sat6ge3jat1min6lo1,啫係我覺得就雖然話可能你同佢相處耐但係唔代表你真係完全去了解對方嘅真實嘅一面囉
51,so2ji5ci2zung1dou1hai6m4gam2,所以始終都係唔敢
52,ding2do1dou1zi2ho2ji5hai6baai3tok3jat1di1zyu6dak1bei2gaau3syun3kan5ge3can1cik1zau6bei2gaau3seon3jam6dak1gwo3di1,頂多都只可以係拜托一啲住得比較算近嘅親戚就比較信任得過啲
53,leon4geoi1zau6jing1goi1mei6si3gwo3,鄰居就應該未試過
54,hai6laa3,係啦
55,can1cik1zau6jau5,親戚就有
57,zik1hai6hou2ci5ngo5tau4sin1so2gong2laa1hou2ci5ngo5go2keoi1lai4gong2,即係好似我頭先所講啦好似我個區嚟講
58,hou2ci5di1tung1hok6gam2joeng6,好似啲同學咁樣
59,ngo5jing6wai4hoeng1gong2ge3ne1go3zing1san4hoi1ci2hai6zik1hai6deoi3jyu1ne1go3gwok3gaa1zi6gei2ge3san1fan6jing6tung4ne1go3tyun4git3ne1jat1fong1min6ge3zing1san4ne1ngo5gok3dak1zau6hoi1ci2pin1lei4zo2lo1,我認為香港嘅呢個精神開始係即係對於呢個國家自己嘅身分認同呢個團結呢一方面嘅精神呢我覺得就開始偏離咗囉
60,zik1hai6keoi5dei6ji5cin4keoi5dei6tyun4git3ge3ding6ji6ho2nang4hai6wai6gwok3gaa1heoi3tyun4git3,即係佢地以前佢地團結嘅定義可能係為國家去團結
61,daan6hai6ji4gaa1zau6ho2nang4hai6wai6zo2hoeng1gong2ji4tyun4git3ji4m4hai6zung1gwok3zau6zoeng1go3faan6wai4suk1zaak3zo2,但係而家就可能係為咗香港而團結而唔係中國就將個範圍縮窄咗
62,deoi3je5jik6dou1ho2ji5pin1gin3zo2zing6hai6mong6je5m4gau3coeng4jyun5,對野亦都可以偏見咗淨係望野唔夠長遠
63,lai6jyu4ho2nang4hou2ci5ji4gaa1di1zing3goi2gam2joeng6keoi5dei6gok3dak1jing1goi1hai6jiu3jat1go3keoi5dei6gok3dak1jiu3zi6gei2jau5jat1go3kyun4lei6heoi3zi6gei2syun2dak6sau2,例如可能好似而家啲政改咁樣佢地覺得應該係要一個佢地覺得要自己有一個權利去自己選特首
64,daan6hai6keoi5dei6m4heoi3sai3sam1lam2cing1co2dou3dai2ne1jat1joeng6je5deoi3jyu1zing2go3zing3fu2ge3wan6zok3wui5jau5di1me1jing2hoeng2,但係佢地唔去細心諗清楚到底呢一樣野係對於整個政府嘅運作會有啲咩影響
65,jau6waak6ze2mui5syun2jat1go3dak6sau2ceot1lai4zi1cin4zau6syun3nei5zi6nei5zi6gei2hei1mong6syun2ceot1lai4doi6m4doi6biu2zung1gwok3wui5zi1ci4m4hai6waa6nei5syun2jyun4zi1hau6hoeng1gong2zau6ho2ji5zi6gei2duk6laap6lo1,又或者每選一個特首出嚟之前就算你自你自己希望選出嚟代唔代表中國會支持唔係話你選完之後香港就可以自己獨立囉
66,ci2zung1dou1hai6seoi1jiu3jat1go3gwok3gaa1hai6bui3hau6dou3zi1ci4gaa3lo1,始終都係需要一個國家係背後到支持㗎囉
67,zau6hai6gam2lo1so2ji5ngo5gok3dak1hoeng1gong2ne1go3zing1san4ne1go3tyun4git3ge3zing1san4jing1goi1hai6jyut6lai4jyut6caa1gaa3lo1ngo5lam2,就係咁囉所以我覺得香港呢個精神呢個團結嘅精神應該係越嚟越差㗎囉我諗
68,jau5heoi3leoi5hang4ge3si4hau6jau5gaa3,有去旅行嘅時候有㗎
69,ngoi6dei6aa4dou1hai6si6fu4bin1di1gwok3gaa1laa1,外地呀都係視乎邊啲國家啦
70,ze1hai6ho2nang4jyu4gwo2ze1hai6kei4sat6seoi1jin4ngo5zi6gei2zau6deoi3zung1gwok3dou1hai6jau5jat1go3hou2koeng4ge3san1fan6jing6tung4,啫係可能如果啫係其寶雖然我自己就對中國都係有一個好強嘅身分認同
71,daan6hai6ci2zung1can1san1lok6gwo3noi6dei6heoi3mong6ne1ngo5zau6deoi3jyu1keoi5dei6go3saang1wut6waan4ging2aa3waak6ze2tung4maai4teng1hok6haau6lou5si1gam2keoi5dei6ge3gaai2sik1lai4gong2ne1ngo5gok3dak1ne1zung1gwok3zau6zung6seoi1jiu3goi2zeon3lo1,但係始終親身落過內地去望呢我就對於佢地個生活環境呀或者同埋聽學校老師咁佢地嘅解釋嚟講呢我覺得呢中國就仲需要改進囉
72,ze1hai6zau6syun3hai6saang1wui6waan4ging2aa3waak6ze2keoi5dei6zi6gei2ge3zing3zai3ge3jat1tou3ngo5dou1jing6wai4jau5seoi1jiu3goi2zeon3ge3,啫係就算係生活環境呀或者佢地自己嘅政制嘅一套我都認為有需要改進嘅
73,kei4taa1gwok3gaa1fong1min6ne1zau6gam2tai2ngoi6biu2lai4gong2ne1ngo5jing6wai4zau6syun3faan4waa4ge3,其他國家方面呢就咁睇外表嚟講呢我認為就算繁華嘅
74,tung4maai4saang1wut6jik6dou1syun3on1ding6aa1,同埋生活亦都算安定呀
75,keoi5dei6ge3gung1zok3jik6dou1syun3hai6gei2hing1sung1aa1m4wui5waa6hai6hou2ci5hoeng1gong2gam2joeng6hai6go3faan4mong4ge3dou1si5laa1,佢地嘅工作亦都算係幾輕鬆呀唔會話係好似香港咁樣係個繁忙嘅都市啦
76,zing6hai6mui5jat6dou1zing6hai6wai6zo2faan1gung1fong3gung1aa3zau6syun3hai6zung6jiu3tim1laa1jau5zan6si4,淨係每日都淨係為咗返工放工呀就算係仲要添啦有陣時
77,gam2ngo5gok3dak1zau6ho2nang4zau6dou1hai6jiu3si6fu4m4tung4gwok3gaa1keoi5dei6zi6gei2keoi5dei6go2go3cing4fong3lo1,咁我覺得就可能就都係要視乎唔同國家佢地自己佢地嗰個情況囉
78,ji4man4ne1fong1min5zau6mou5lam2gwo3laa3,移民呢方面就冇諗過啦
79,ngo5gok3dak1hoeng1gong2zau6ji5ging1syun3hai6jat1go3hou2mun5zuk1ngo5ge3sing4si5lai4ge3,我覺得香港就己經算係一個好滿足我嘅城市嚟嘅
80,ze1hai6hou2ci5ping4si4dak1haan4go2zan6aa4,啫係好似平時得閒嗰陣呀
81,ngo5lam2keoi5dei6do1sou3dou1jing1goi1hai6tung4tung4hok6ceot1heoi3jat1cai4waan2aa3heoi3coeng3kaa1laa1aa3heoi3ho2nang4zung6wui5jau5heoi3zyu2tai4lok6jyun4laa1gam2joeng6,我諗佢地多數都應該係同同學出去一齊玩呀去唱卡啦呀去可能仲會有去主題樂園啦咁樣
82,zi1leoi6zung2zi1zyu2jiu3dou1hai6wui5tung4tung4hok6jat1cai4tung4faan1di1pang4bui3jat1cai4heoi3hai6aa3heoi3ne1go3soeng1cyu2lo1,之類總之主要都係會同同學一齊同反啲朋輩一齊去係呀去呢個相處囉
83,gam2joeng6lo1gam2zau6siu2zo2wui5tung4di1gaa1jan4tyun4jat1cai4jau5jat1go3zi1leoi6go2di1siu2zo2ne1joeng6je5lo1,咁樣囉咁就少咗會同啲家人團一齊有一個之類嗰啲少左呢樣野囉
84,hai6laa3,係啦
85,keoi5dei6do1sou3dou1mou5jat1go3dak6ding6ge3dei6dim2ge3,佢地多數都冇一個特定嘅地點嘅
86,ze1hai6ho2nang4si6daan6wan2go3dei6fong1joek3ceot1lai4gan1zyu6zi1hau6zau6hai2go2dou6zau6zung2zi1hou2ci5maan6mou4muk6dik1gam2joeng6gin3dou3di1mat1mai4heoi3mong6haa5jau5kaa1laa1jau5dei6fong1gam2mai4jap6heoi3coeng3gam2joeng6gam2zau6zau6gam2zau6gwo3jat1jat6gaa3laa3,啫係可能是但搵個地方約出嚟跟住之後就喺嗰度就總之好似漫無目的咁樣見到啲乜咪去望下有卡啦有地方咁咪入去唱咁樣咁就就咁就過一日㗎啦
87,mou5me1dak6bit6ge3muk6dik1gam2joeng6lo1zi2bat1gwo3hai6soeng2tung4di1tung4hok6gin3haa5min6gam2joeng6lo1,冇咩特別嘅目的咁樣囉只不過係想同啲同學見下面咁樣囉
88,o2jau5gaa3jau5di1tung4hok6keoi5dei6hai6ze1hai6lai6jyu4zuk1kau4deoi6go2pai1ne1keoi5dei6zau6jan1wai6jit6oi3zuk1kau4so2ji5sin1gaa1jap6laa1,哦有㗎有啲同學佢地係啫係例如足球隊嗰批呢佢地就因為熱愛足球所以先加入啦
89,gam2keoi5dei6so2ji5keoi5dei6hou2ci5hai6ceoi4zo2ping4jat6keoi5dei6hai2hok6haau6ge3siu2sik1ge3si4hau6dou1wui5jat1cai4king1zi1ngoi6ne1zau6hou2ci5waa6keoi5dei6hai6wui5ho2nang4joek3maai4jat1cai4jau5dyun6si4gaan3hai6jat1cai4deoi3zyu6bou6din6si6gei1,咁佢地所以佢地好似係除咗平日佢地喺學校嘅小息嘅時候都會一齊傾之外呢就好似話佢地係會可能約埋一齊有段時間係一齊對住部電視機
90,sam6zi3ho2nang4hai6wui5jau5lou5si1wui5heoi3dou3go2di1dei6fong1tai2bei2coi3ge3si4hau6keoi5dei6hai6wui5zyu2dung6man6go3lou5si1ho2m4ho2ji5daai3maai4keoi5dei6jat1cai4heoi3tai2gaa3lo1,甚至可能係會有老師會去到嗰啲地方睇比賽嘅時候佢地係會主動問個老師可唔可以帶埋佢地一齊去睇㗎囉
91,hai6gaa3,係㗎
93,ceot1heoi3waan2ge3ding6ji6zik1hai6ceot1gwok3ding6hai6me1aa3,出去玩嘅定義即係出國定係咩呀
94,hoeng1gong2gong2ceot1heoi3waan2aa4,香港講出去玩呀
95,jyu4gwo2gong2ngo5lam2zau6jing1goi1hai6mai6je6maan5aa3keoi5dei6seoi1m4seoi1jiu3haan6zai3m4hou5taai3je6ne1,如果講我諗就應該係咪夜晚呀佢地需唔需要限制唔好太夜呢
96,ze1hai6ci2zung1jau5di1ci2zung1hoeng1gong2seoi1jin4waa6keoi5dei6go2go3giu3zou6zi6on1dou1syun3hou2,啫係始終有啲始終香港雖然話佢地嗰個叫做治安都算好
97,daan6hai6ci2zung1dou3je6maan5ge3si4hau6dou1hai6jau5di1je5m4ho2ji5jyu6liu6gaa1maa3ngo5dei6,但係始終到夜晚嘅時候都係有啲野唔可以預料㗎嘛我地
98,gam2so2ji5jau5di1cing1siu3nin4zi1leoi6go2di1keoi5jyu4gwo2taai3je6zoi3ceot1heoi3ge3waa6jat1lai4fu6mou5daam1sam1ji6lai4jik6dou1ho2nang4wui5kwan4maai4jat1baan1m4hou2ge3pang4jau5aa3,咁所以有啲青少年之類嗰啲佢如果太夜再出去嘅話一嚟父母擔心二嚟亦都可能會群埋一班唔好嘅朋友呀
99,ho2nang4wui5ling6dou3keoi5dei6jim5soeng5jat1di1duk6jan5aa3zi1leoi6go2di1waak6ze2jam2zau2aa3go2di1,可能會令到佢地染上一啲毒癮呀之類嗰啲或者飲酒呀嗰啲
100,gam2ne1di1ngo5jing6wai4so2ji5hoeng1gong2jing1goi1seoi1jiu3ho2nang4deoi3jyu1ngoi6ceot1ze1hai6je6maan5ngoi6ceot1ne1joeng6je5ho2nang4seoi1jiu3jau5siu2siu2gaam1gun2aa3haan6zai3go2di1lo1,咁呢啲我認為所以香港應該需要可能對於外出啫係夜晚外出呢樣野可能需要有少少嘅監管呀限制嗰啲囉
101,ngo5go3jan4ne1zau6zyu2jiu3zau6fong3zo2hok6zi1hau6zau6do1sou3dou1hai6zik6zip3faan1uk1kei5ge3,我個人呢就主要就放咗學之後就多數都係直接返屋企嘅
102,jan1wai6ngo5zau6hai6suk6jyu1wui4gaa1jat1zuk6,因為我就係屬於回家一族
103,ngo5zau6m4hai6gam2zung1ji3dau6lau4hai2gaai1jap6min6maan6mou4muk6dik1ge3,我就唔係咁鐘意逗留喺街入面漫無目的嘅
104,ngo5zau6zung2zi1jau5muk6dik1ngo5sin1zi3wui5hai6ceot1heoi3gaai1gaa3ze1,我就總之有目的我先至會係出去街㗎啫
105,mou5muk6dik1ge3waa6ngo5wui5lau4faan1hai2uk1kei5zou6zi6gei2je5laa1,無目的嘅話我會留反喺屋企做自己野啦
106,daan6hai6kei4taa1tung4hok6ne1zau6ji5jin6si4go3cing4fong3ne1keoi5dei6zau6zung1ji3lau4hai2hok6haau6m4faan1uk1kei5ge3,但係其他同學呢就以現時個情況我見呢佢地就鐘意留喺學校唔返屋企嘅
107,caa1m4do1ho2nang4hai6dau6lau4dou3ho2nang4hok6haau6hai6jiu3giu3keoi5dei6saan1mun4aa3gam2joeng6gam2keoi5dei6sin1wui5zau2ge3,差唔多可能係逗留到可能學校係要叫佢地閂門呀咁樣咁佢地先會走嘅
108,daan6hai6jau6m4wui5waa6hou2ci5ji5cin4lou5si1keoi5dei6gong2waa6keoi5dei6lau4hai2hok6haau6hai6wai6zo2wan1syu1aa3wan1dou3hou2je6sin1zau2,但係又唔會話好似以前老師佢地講話佢地留喺學校係為咗溫書呀溫到好夜先走
109,keoi5dei6hai6zing6hai6hai2hok6haau6jap6min6zi6gei2king1gai2hai2go3fo3sat1jap6min6zi6gei2zau2lai4zau2heoi3gam2joeng6zau6ho2ji5ngaai4dou3gam2joeng6hai2dou3lau4lin4dou3gau3zung1lo1,佢地係淨係喺學校入面自己傾偈喺個課室入面自己走嚟走去咁樣就可以捱到咁樣喺到流連到夠鐘囉
110,saa1si2go2nin4ngo5zau6m4hai6hou2jan3zoeng6sam1hak1,沙士嗰年我就唔係好印象深刻
111,ngo5wai4jat1zing6hai6gei3dak1dong1nin4zau6hai6haau2siu2hok6go2si4haau2haau2haa5si5dat6jin4zi1gaan1zeoi3mei5go2loeng5fo1m4sai2haau2gan1zyu6zi1hau6hou2hoi1sam1,我唯一淨係記得當年就係考小學嗰時考考下試突然之間最尾嗰兩科唔使考跟住之後好開心
112,daan6hai6zeoi3hou2siu3ge3dei6fong1zau6hai6ngo5m4zi1dim2gaai2hou2ci5zi1cin4hou2ci5jau5jyu6liu6dou3wui5m4sai2haau2si5gam2joeng6,但係最好笑嘅地方就係我唔知點解好似之前好似有預料到會唔使考試咁樣
113,ngo5zau6zi1cin4go2gei2go3lai5baai3ngo5hai6m4tai2syu1m4wan1syu1gaa1lo1,我就之前嗰幾個禮拜我係唔睇書唔溫書㗎囉
114,hai6aa3ngo5zan1hai6jyun4cyun4hai6bok3zo2lok6heoi3gam2joeng6,係呀我真係完全係博咗落去咁樣
115,hou2kei4gwaai3ngo5go2ci3kei4sat6ngo5go2ci3ngo5gei3dak1zeoi3gei3dak1zau6hai6ngo5hou2gan2zoeng1gaa3lo1dou3haau2go2zan6si4jan1wai6ngo5jyun4cyun4mou5tai2gwo3bun2syu1gam2zai3aa1maa3,好奇怪我嗰次其實我嗰次我記得最記得就係我好緊張㗎囉到考嗰陣時因為我完全冇睇過本書咁濟呀嘛
116,daan6hai6zau6zeoi3hou2coi2zau6hai6jan1wai6saa1si2zau6jing1goi1hai6saa1si2baau3faat3gam2so2ji5zau6ling6dou3ngo5zau6m4sai2haau2lo1,但係就最好彩就係因為沙士就應該係沙士爆發咁所以就令到我就唔使考囉
118,zau6bat1gwo3kei4sat6gam2joeng6zi2bat1gwo3hai6ngo5go3jan4ge3ji3gin3ze1m4doi6biu2hai6me1hai6lo1m4doi6biu2hai6hou2cyu3lai4ge3ne1joeng6,就不過其實咁樣只不過係我個人嘅意見啫唔代表係咩係囉唔代表係好處嚟嘅呢樣
119,ci2zung1go2zan6si4dou1zung6hai6nou5seon5mei6saang1maai4gam2go3ne1go3deoi3jyu1ne1go3ji3sik1lai4gong2syun3hai6bok6joek6so2ji5ngo5dou1m4hai6hou2jau5taai3daai6ge3gam2gok3lo1,始終嗰陣時都仲係腦荀未生埋咁個呢個對於呢個意識嚟講算係薄弱所以我都唔係好有太大嘅感覺囉
120,bat1gwo3dou1hai6si6hau6taai2faan1jat1di1man4zik1hai6ho2nang4hai2mong5soeng6min6ge3man4zoeng1aa3waak6ze2hai6jat1di1zaan3joeng4dong1si4ge3ji1saang1go2di1zau6ho2nang4wui5jau5siu2siu2gam2zuk1lo1,不過都係事後睇反一啲文即係可能喺網上面嘅文章呀或者係一啲讚揚當時嘅醫生嗰啲就可能會有少少感觸囉
121,deoi3jyu1keoi5dei6ge3fu6ceot1dou1gok3dak1hou2wai5daai6lo1,對於佢地嘅付出都覺得好偉大囉
122,ngo5gei3dak1hou2ci5dong1nin4hai6jau5wai2neoi5ji1saang1hou2ci5hai6zyu2dung6lau4hai2ji1jyun2dou6ziu3gu3beng6jan4,我記得好似當年係有位女醫生好似係主動留喺醫院度照顧病人
123,daan6hai6zeoi3hau6zi6gei2dou1hai6jim5soeng5zo2saa1si2jin4zi1hau6san1mong4gaa3lo1,但係最後自己都係染上咗沙士然之後身亡㗎囉
124,bat1gwo3sat6zat1go3meng2ngo5zau6m4hai6hou2gei3dak1ngo5gei3dak1jing1goi1hai6sing3ze6gaa3ngo5gei3dak1,不過實質個名我就唔係好記得我記得應該係姓謝㗎我記得
125,zau6hai6gam2lo1gan1zyu6kei4taa1go2di1zau6m4hai6hou2jing6laa3m4hai6hou2jing6sik1laa3,就係咁囉跟住其他嗰啲就唔係好認啦唔係好認識啦
126,jyu4gwo2zau6gam2tai2biu2min6ge3waa6ngo5gok3dak1hoeng1gong2bin3faa3hou2daai6laa3,如果就咁睇表面嘅話我覺得香港變化好大啦
127,ze1hai6zing6hai6nei5ping4si4lok6gaai1tai2ji5cin4ho2nang4di1soeng1dim3hai6ne1go3jing4sik1ge3zyu2jiu3daan6hai6ji4gaa1ho2nang4ji5ging1bin3saai3,啫係淨係你平時落街睇以前可能啲商店係呢個形式嘅主要但係而家可能已經變哂
128,zau6ho2nang4hou2ci5ngo5wong4bou3faa1jyun4wai4lai6laa1ji5cin4lau4haa6soeng1coeng4ne1zyu2jiu3sik6si3wai4zyu2ge3,就可能好似我黃埔花園為例啦以前樓下商場呢主要食肆為主嘅
129,gan1zyu6zi1hau6ji4gaa1ne1ji5ging1bin3sing4zo2hoi1ci2hai6zyu2jiu3ji5siu1fai3lai6jyu4hoi1zo2hou2do2jat1di1ming4paai4ge3fuk6zong1dim3aa3waak6ze2sau2sik1dim3zi1leoi6gam2joeng6go2di1lo1,跟住之後而家呢已經變成咗開始係主要以消費例如開咗好多一啲名牌嘅服裝店呀或者首飾店之類咁樣嗰啲囉
130,tung4maai4keoi5dei6zyun3dak1hou2faai3lo1jau5zan6si4ho2nang4sik1jing3m4dou3gaa3wui5,同埋佢地轉得好快囉有陣時可能適應唔到㗎會
131,kwai1geoi2aa4ngo5lam2zeoi3pou2pin3so2jau5gaa1ting4dou1jau5ge3zau6jing1goi1hai6cyu4fong2hai6naap6jap6gam2zi2gaa3lo1,規矩呀我諗最普遍所有家庭都有嘅就應該係廚房係納入禁止㗎囉
132,hai6laa1zik1hai6lai6paai2ngo5hou2ci5ngo5uk1kei5gam2joeng6ngo5go2zan6si4zau6jing1goi1hai6jau5go3tit3laan4gam2joeng6hai6laan4zyu6go2go3ngaam1ngaam1hou2hai6ngo5gwo3m4dou3ge3jing1goi1zau6,係啦即係例牌我好似我屋企咁樣我嗰陣時就應該係有個鐵欄咁樣係欄住嗰個啱啱好係我過唔到嘅應該就
133,hai6laa1gan1zyu6zung6jau5kei4taa1ge3ngo5lam2zau6jing1goi1hai6gaai3dou1hai6m4bei2jung6gaa3lo1go2zan6si4,係啦跟住仲有其他嘅我諗就應該係𠝹刀係唔比用㗎囉嗰陣時
134,zik1hai6ci2zung1fu6mou5gok3dak1nei5zung6sai3nei5jung6gaai3dou1ge3waa6taai3ngai4him2so2ji5zing6hai6jung4heoi2jung6gaau3zin2lo1zau6syun3lin4cyu4fong2dou1aa3go2di1dou1m4bei2jung6gaa3,即係始終父母覺得你仲細你用𠝹刀嘅話太危險所以淨係容許用較剪囉就算連廚房刀呀嗰啲都唔比用㗎
135,hai6lo1,係囉
136,zau6m4wui5bei2jan4daa2ge3jing1goi1zau6,就唔會俾人打嘅應該就
137,ngo5gei3dak1zau6ding2do1bei2jan4naau6ho2nang4naau6jat1zan6gam2joeng6gan1zyu6zi1hau6haam3haa5gam2joeng6gam2zau6hai6lo1dong3hai6jat1go3ging2tik1gam2joeng6gam2zau6mou5gaa3laa3,我記得就頂多比人鬧可能鬧一陣咁樣跟住之後喊下咁樣咁就係囉當係一個警剔咁樣咁就冇㗎啦
139,hai6lo1lai6paai2dou1hai6lo1m4ho2ji5pin1sik6laa1jat1ding6jiu3sik6coi3laa1,係囉例牌都係囉唔可以偏食啦一定要食菜啦
140,kap1sau1go2di1ge3jing4joeng5jat1ding6jiu3gwan1hang4laa1m4ho2ji5pin1saai3heoi3zing6hai6sik6juk6m4sik6coi3zi1leoi3go2di1laa1,吸收嗰啲嘅營養一定要均衡啦唔可以偏哂去淨係食肉唔食菜之類嗰啲啦
141,jau6ho2nang4jau5di1zeoi3gei1co2ge3caan1coek3lai5ji4aa3,又可能有啲最基礎嘅餐桌禮儀呀
142,ho2nang4lai6jyu4faai3zi2go2zan6si4keoi5dei6ngo5gei3dak1faai3zi2ne1keoi5dei6gaau3ngo5dei6zaa1ne1hai6gaau3dak1hou2jim4ge3,可能例如筷子嗰陣時佢地我記得筷子呢佢地教我地揸呢係教得好嚴嘅
143,jan1wai6ci2zung1zung1gwok3jan4mou5lei5jau4m4sik1zaa1faai3zi2gaa1maa3,因為始終中國人冇理由唔識揸筷子㗎嘛
144,gam2so2ji5dong1si4zaa1faai3zi2hai6me1laa1,咁所以當時揸筷子係咩啦
145,tung4maai1jik6dou1hou2ci5waa6gaap3go2go3jing4sik1dou1m4ho2ji5hai6faan2sau2gaap3,同埋亦都好似話夾嗰個形式都唔可以係反手夾
146,jan1wai6faan2sau2ge3waa6ne1hai6wui5bei2jan4jing6wai4nei5hai6hou2ci5tau1tau1mo1mo1m4gwong1ming4zing3gam2joeng6heoi3lo2gam2joeng6,因為反手嘅話呢係會比人認為你係好似偷偷摸摸唔光明正大咁樣去攞咁樣
147,hai6laa1gam2hou2ci5hai6lo1ne1di1dou1hai6zyu2jiu3dou1hai6teng1aa3gong4gong1go2di1gong2gaa3lo1,係啦咁好似係囉呢啲都係主要都係聽呀公公嗰啲講㗎囉
148,tai2fat6aa4ngo5jing6wai4dou1hai6si6fu4go2go3go2go3sai3lou6zai2ge3biu2jin6lo1,體罰呀我認為都係視乎嗰個嗰個細路仔嘅表現囉
149,zik1hai6jyu4gwo2jat1go3keoi5ping4si4ji5ging1hai6hou2gwaai1hou2man4zing6m4wui5dak6dang1faan6co3ge3gam2nei5tai2fat6kei4sat6ngo5jing6wai4zau6mou5me1bit1jiu3lo1,即係如果一個佢平時已經係好乖好文靜唔會特登犯錯嘅咁你體罰其實我認為就冇咩必要囉
150,nei5zing6hai6ho2nang4hau2tau4tai4sing2aa3jau6waak6ze2jyu4gwo2jim4zung6siu2siu2zau6ging2gou3mai6syun3lo1,你淨係可能口頭提醒呀又或者如果嚴重少少就警告咪算囉
151,zau6m4seoi1jiu3jung6dou3tai2fat6ge3,就唔需要用到體罰嘅
152,daan6hai6jyu4gwo2jau5di1ho2nang4zan1hai6zik6cing4hou2ci5sat1hung3ge3hung3zai3m4dou3zi6gei2ge3nei5dim2joeng6tai4keoi5dou1mou5jung6ge3gam2ngo5lam2zau6ho2nang4hing1mei4ge3dou1hai6seoi1jiu3gaa3lo1jau5zan6si4,但係如果有啲可能真係直程好似失控嘅控制唔到自己嘅你點樣提佢都冇用嘅咁我諗就可能輕微嘅都係需要㗎囉有陣時
153,ci2zung1paang5haa6ceot1haau3ji4aa1maa3,始終棒下出孝兒呀嘛
154,hai6lo1ji5cin4jau5hou2do1go2di1haau3zi2zung1gwok3gu2doi6go2di1haau3zi2do1sou3dou1hai6daa2dak1do1sin1zi3wui5bin3gwaai1gaa3laa1,係囉以前有好多嗰啲孝子中國古代嗰啲孝子多數都係打得多先至會變乖㗎啦
155,ngo5gei1bun2soeng6dai6jat1go3tung4jan4soeng1loeng4ge3jat1ding6wui5hai6fu6mou5sin1jan1wai6ci2zung1dou1hai6zi6gei2zeoi3can1tung4maai4nei5gong2ge3si4hau6jik6dou1wui5gang3gaa1hai6ze1hai6hoi1fong3di1lo1,我基本上第一個同人商量嘅一定會係父母先因為始終都係自己最親同埋你講嘅時候亦都會更加係啫係開放啲囉
156,nei5m4wui5jau5jam4ho4jat1di1joek3cuk1aa3waak6ze2hai6jat1di1m4hou2ji3si3lo1,你唔會有任何一啲約束呀或者係一啲唔好意思囉
157,nei5wui5hou2hoi1long5gam2joeng6ziu3tung4keoi5dei6heoi3gong2gaai2jat1di1gong2zi6gei2jau5di1me1kwan3naan4aa3man6tai4dang2keoi5dei6jat1cai4tung4nei5heoi3gaai2kyut3lo1,你會好開朗咁樣照同佢地去講解一啲講自己有啲咩困難呀問題等佢地一齊同你去解決囉
158,m4ho2ji5tung4aa3baa4aa3maa1gong2aa4,唔可以同呀爸呀媽講呀
159,ngo5go3cing4fong3zau6ngo5san1soeng6zau6mou5ne1joeng6je5faat3saang1ge3,我個情況就我身上就冇呢樣野發生嘅
160,zik1hai6zau6syun3ho2nang4jau5ngo5dou1m4hai6hou2zi1laa1,即係就算可能有我都唔係好知啦
161,hai6laa3,係啦
162,jan1wai6gam2daan6hai6teng1kei4taa1tung4hok6ge3ji3gin3zau6teng1keoi5dei6waa6ne1zau6hou2ci5zyu2jiu3ne1loi4loi4heoi3heoi3ne1teng1dak1zeoi3do1ge3dou1hai6waa6sing4zik1caa1waak6ze2fei4zo2lou2go2di1ne1zau6do1sou3dou1m4wui5tung4keoi5dei6gong2ge3,因為咁但係聽其他同學嘅意見就聽佢地話呢就好似主要呢來來去去呢聽得最多嘅都係話成積差或者肥咗佬嗰啲呢就多數都唔會同佢地講嘅
163,hai6laa1zik1hai6geng1keoi5dei6wui5naau6aa3waak6ze2hou2ci5deoi3m4zyu6keoi5dei6gam2joeng6go2di1laa1,係啦即係驚佢地會鬧呀或者好似對唔住佢地咁樣嗰啲啦
164,gam2ne1di1ngo5gei3dak1zeoi3do1ge3hai6lo1,咁呢啲我記得最多嘅係囉
165,hai2siu2hok6gaai1dyun6ge3si4hau6keoi5dei6jing6wai4ngo5ge3nang4lik6hai6ho2ji5jing3fu6dou3so2ji5keoi5dei6zau6wui5kei4mong6wui5gou1di1,喺小學階段嘅時候佢地認為我嘅能力係可以應付到所以佢地就會期望會高啲
166,hei1mong6nei5ho2nang4hai6cyun4kap1ho2nang4jau5jat1baak3gei2jan4baak3ng5jan4gam2joeng6laa1gam2ho2nang4keoi5wui5hei1mong6nei5hei2maa5hai6saam1fan6jat1ji5soeng6ze1hai6ho2nang4ng5sap6jan4ji5soeng6ge3gam2joeng6go2di1lo1,希望你可能係全級可能有一百幾人百五人咁樣啦咁可能佢會希望你起碼係三分一以上啫係可能五十人以上嘅咁樣嗰啲囉
167,gam2ji4gaa1soeng5zo2zung1hok6zi1hau6ne1jan1wai6ci2zung1keoi5dei6zi1dou6ngo5soeng5go2gaan1zung1hok6ne1hai6jau5liu2ge3bei2gaau3hai6ne1go3cing4dou6hai6gou1di1ge3,咁而家上咗中學之後呢因為始終佢地知道我上嗰間中學呢係有料嘅比較係呢個程度係高啲嘅
168,gam2keoi5dei6zau6jing6wai4zung2zi1nei5zeon6zo2lik6nei5mou5nei5mou5hau6fui3deoi3ze1hai6gaau1doi6dou3bei2zi6gei2zau6lo1keoi5dei6ji5ging1gok3dak1,咁佢地就認為總之你盡咗力你冇你冇後悔對啫係交代到比自己就囉佢地己經覺得
169,hai6laa1,係啦
170,dang2ngo5lam2haa5sin1aa3haa5,等我諗下先呀吓
171,ngo5lam2jing1goi1hai6jau4jau3zi6jyun4hoi1ci2gaa3laa3ji5ging1,我諗應該係由幼稚園開始㗎啦已經
172,jau3zi6jyun4zau6ngo5lam2jau5mou5sei3sei3m4hai6sei3seoi3dou1jing1goi1ji5ging1gwo3zo2lo1sei3seoi3ji5ging1hai6duk6gan2gaa3laa3ngo5lam2ze1hai6ngo5lam2saam1seoi3dou3laa1,幼稚園就我諗有冇四四唔係四歲都應該已經過咗囉四歲已經係讀緊㗎啦我諗啫係我諗三歲到啦
173,kan5mui5ci3dou1hai6lam4daa2zung1ng5fan1zung1sin1ceot1sin1ceot1uk1kei5gaa3laa1,近每次都係臨打鐘五分鐘先出先出屋企㗎啦
174,gan1zyu6zi1hau6zau6gan1zyu6zi2hai6saau2wai4gap1bou6dei6ji5ging1ho2ji5tai4cin1dou3jat1fan1zung1faan1dou3heoi3gaa3laa3,跟住之後就跟住只係稍為急步地已經可以提前到一分鐘返到去㗎啦
175,naam4neoi5haau6lai4ge3,男女校嚟嘅
176,jau5gei2go3gei3dak1hou2cing1co2ge3,有幾個記得好清楚嘅
177,jau5jat1go3hai6lau4sing3lau4ge3neoi5lou5si1hai6suk6jyu1lou5go2pai1lai4ge3,有一個係劉姓劉嘅女老師係屬於老嗰批嚟嘅
178,ling6jat1go3zau6hai6gam2hai6jing1man4lou5si1lai4ge3,另一個就係咁係英文老師嚟嘅
179,gam2ngo5lau4lou5si1ngo5gei3dak1zau6jing1goi1hai6ngo5siu2sei3ge3baan1zyu2jam6,咁我劉老師我記得就應該係我小四嘅班主任
180,ngo5gok3dak1keoi5ge3jim4zau6hai6gwo3fan6ge3jim4lo1,我覺得佢嘅嚴就係過份嘅嚴囉
181,ze1hai6jyu4gwo2hai2baan1soeng6min6ho2nang4nei5jau5siu2siu2ge3sing1jam1ho2nang4ding2do1ho2nang4hai6tou2leon6aa3waak6ze2jau5siu2siu2ge3king1gai2hai6siu2hok6saang1lai4gong2ngo5gok3dak1hou2zing3soeng4ze1,啫係如果喺班上面可能你有少少嘅聲音可能頂多可能係討論呀或者有少少嘅傾偈喺小學生嚟講我覺得好正常啫
182,daan6hai6keoi5dei6hai6zik6cing4hai6lin4go2siu2siu2dou1m4bei2lo1,但係佢地係直程係連嗰少少都唔比囉
183,keoi5hou2keoi5hai6ho2nang4wui5waa6nei5jat1siu2siu2ge3waa6keoi5zau6wui5naau6ho2nang4nei5naau6sing4ng5fan1zung1aa3zung2zi1keoi5wui5naau6dou3nei5zik6cing4hai6geng1zo2keoi5gaa3lo1cyun4nin4hai6geng1zo2hai6m4gam2hai2keoi5tong4soeng6min6gong2je5gaa3laa3,佢好佢係可能會話你一少少嘅話佢就會鬧可能你鬧成五分鐘呀總之佢會鬧到你直程係驚咗佢㗎囉全年係驚咗係唔敢喺佢堂上面講野㗎啦
184,hai6laa1ze1hai6jau4go2ho2nang4jau4go2nin4zi1hau6nei5wui5dat6jin4zi1gaan1jau5go3tung4nin4jam1jing2aa3waak6ze2zi1leoi6ling6dou3nei5jau4jyun4bun2jat1go3wut6put3ge3jan4bin3zo2hai6jat1go3hou2m4hang2gong2je5aa3ge3jan4lo1,係啦啫係由嗰可能由嗰年之後你會突然之間有個童年陰影呀或者之類令到你由原本一個活潑嘅人變咗個係一個好唔肯講野呀嘅人囉
185,hai6lo1ji4zau6jan1wai6keoi5go2si4hai6jing1man4lou5si1tung4maai4jik6dou1hai6siu2tung4maai4zyu2gaau3dou1hai6zyu2jiu3gaau3siu2ng5tung4siu2luk6,係囉而就因為佢嗰陣時係英文老師同埋亦都係小同埋主教都係主要教小五同小六
186,gam2keoi5zau6gan2zoeng1ngo5dei6soeng5zung1hok6ge3sing4zik1,咁佢就緊張我地上中學嘅成積
187,gam2so2ji5jim4lai6zau6wui5hai6deoi3ngo5dei6jing1man4ge3sing4zik1aa3waak6ze2hai6ngo5dei6soeng5tong4ge3biu2jin6laa1zau6wui5bei2gaau3jim4di1lo1zau6hei1mong6ho2ji5zaa1gan2faan1ngo5dei6go3sing4zik1,咁所以嚴勵就會係對我地英文嘅成積呀或者係我地上堂嘅表現啦就會比較嚴啲囉就希望可以揸緊反我地個成積
188,ngo5gaan1zung1hok6zau6wai6cyu3ho4man4tin4gam2zau6ngaam1ngaam1hou2zau6gin3hai2jat1go3ce4bo1gam2ge3dei6fong1ge3,我間中學就位處何文田咁就啱啱好就建喺一個斜坡咁嘅地方嘅
189,gam2so2ji5keoi5tung4maai4ngo5go3ho4man4tin4keoi1ne1zau6hok6haau6hou2do1ge3,咁所以佢同埋我個何文田區呢就學校好多嘅
190,so2ji5keoi5zi6gei2go3keoi5zi6gei2go3min6zik1lai4gong2dou1syun3sai3ge3,所以佢自己個佢自己個面積嚟講都算細嘅
191,ho2nang4tung4maai4cou1coeng4zau6zing6hai6dak1laam4kau4coeng4zau6zan1hai6hou2ci5dak1go3laam4kau4coeng4gan1zyu6zi1hau6sei3min6zau6cyun4bou6dou1hai6fo3sat1aa3nei5go2di1dong2saai3gaa3laa3ji5ging1,可能同埋操場就淨係得籃球場就真係好似得個籃球場跟住之後四面就全部都係課室呀你嗰啲擋哂㗎啦已經
192,nei5zik1hai6gei1bun2soeng6nei5wut6dung6ge3faan6wai4m4daai6laa1,你即係基本上你活動嘅範圍唔大啦
193,tung4maai4hok6haau6zau6zyu2jiu3dou1syun3hai6m4syun3san1zeng6lo1keoi5gau6keoi5dou1syun3gau6go2pai1lai4ge3,同埋學校就主要都算係唔算新淨囉佢舊佢都算舊嗰批嚟嘅
194,hai6lo1jau5ho2nang4jau5di1cit3bei6dou1mei6gau3jyun4sin6,係囉有可能有啲設備都未夠完善
195,ho2nang4lai6jyu4hai2aa3keoi5dei6go2di1jau5zan6si4ho2nang4keoi5dei6di1ge3ji4hei3ne1m4ho2ji5hou2ci5jat1di1san1ge3hok6haau6gam2joeng6mui5jat1go3hok6saang1waak6ze2mui6jat1zou2dou1ho2ji5fan1pui3dou3jat1go3bei2keoi5dei6,可能例如喺呀佢地嗰啲有陣時可能佢地啲嘅儀器呢唔可以好似一啲新嘅學校咁樣每一個學生或者每一組都可以分配到一個俾佢地
196,ho2nang4zi2bat1gwo3hai6dak1go3lou5si1zou6si6faan6ji4nei5dei6mei6bit1jung6dou3laa3,可能只不過係得個老師做示範而你地未必用到啦
197,jau6ho2nang4jau5zan6si4go2di1tau4jing2gei1aa3waak6ze2go2di1hai6mai1soeng1aa3kei4sat6dou1hai6wui5jau5di1caan4gau6aa3ling6dou3keoi5dei6wan6zok3dou1m4gau3jyun4m4gau6jyun4mei5lo1,又可能有陣時嗰啲投影機呀或者嗰啲係咪箱呀其實都係會有啲殘舊呀令到佢地運作都唔夠完唔夠完美囉
198,bat1gwo3zyu2jiu3zau6m4jing2hoeng2ne1go3hok6zaap6ge3cing4fong3ge3,不過主要就唔影響呢個學習嘅情況嘅
200,kei4sat6soeng5dou3zung1jok6zi1hau6zau6jim4ge3lou5si1zau6jing1goi1m4syun3do1,其實上到中學之後就嚴嘅老師就應該唔算多
201,bat1gwo3dou1jau5ge3zau6ho2nang4ji5cin4siu2hok6ne1zau6neoi5lou5si1zau6jim4ge3,不過都有嘅就可能以前小學呢就女老師就嚴嘅
202,ji4gaa1zau6ho2nang4diu6faan1zyun3zau6hai6naam4lou5si1bei2gaau3jim4laa3,而家就可能調返轉就係男老師比較嚴啦
203,jan1wai6hai2zung1hok6lai4gong2ngo5zau6kei4gwaai3ge3dei6fong1zau6hai6zung1hok6zau6zyu2jiu3jyun4jung6naam4lou5si1do1gwo3neoi5ge3,因為喺中學嚟講我就奇怪嘅地方就係中學就主要沿用男老師多過女嘅
204,ho2nang4keoi5dei6gok3dak1naam4ge3bei2gaau3ho2ji5hung3zai3dou3zung1hok6saang1laa1,可能佢地覺得男嘅比較可以控制到中學生啦
205,jan1wai6ci2zung1zung1hok6saang1ji5ging1daai6zo2laa1maa3gam2keoi5dei6ho2nang4jau5di1je5ho2nang4naan4ji5hung3zai3dou3laa1ji5ging1bei2siu2hok6go2zan6si4,因為始終中學生已經大咗啦嘛咁佢地可能有啲野可能難以控制到啦已經比小學嗰陣時
206,gam2so2ji5naam4lou5si1zau6ho2nang4wui5bei2gaau3jim4lai6di1lo1,咁所以男老師就可能會比較嚴勵啲囉
207,hai6laa1gam2so2ji5zau6ho2nang4keoi5dei6zau6jung6do1di1naam4lou5si1go2zek3laa1,係啦咁所以就可能佢地就用多啲男老師嗰隻啦
208,ji4gaa1zau6m4wui5hou2ci5ji5cin4siu2hok6saang1gam2joeng6waa6nei5dei6king1gai2king1dak1hou2cou4aa3waak6ze2hai2zau2long4paau2zau6wui5faat3fo2ne1di1zau6m4wui5gaa3laa3,而家就唔會好似以前小學生咁樣話你地傾偈傾得好嘈呀或者喺走廊跑就會發火呢啲就唔會㗎啦
209,jik6dou1jik6dou1siu2zo2tung4hok6wui5heoi3tau4sou3laa1,亦都亦都少咗同學會去投訴啦
210,gam2wai4jat1ling6lou5si1faat3fo2ge3zyu2jiu3dou1hai6caau1gung1fo3lo1,咁唯一令老師發火嘅主要都係抄功課囉
211,zik1hai6keoi5dei6gok3dak1nei5m4hai6jung6nei5zi6gei2ge3nang4lik6heoi3zou6nei5hai6caau1jan4dei6ge3nei5hok6m4dou3di1mat1long6fai3zo2lou5si1ge3sam1gei1,即係佢地覺得你唔係用你自己嘅能力去做你係抄人地嘅你學唔到啲乜浪廢咗老師嘅心機
212,deoi3jik6dou1gaau1jik6dou1mou5baan6faat3gaau1doi6dou3zi6gei1tung4maai4ci2zung1zung1hok6saang1laa3wo3nei5ji5ging1nei5ji5ging1daai6go3zo2nei5mou5lei5jau4lin4ne1di1si6fei1bat1fan1gaa1maa3dou1wui5hai6lo1,對亦都交亦都冇辦法交代到自己同埋始終中學生啦喎你已經你已經大個咗你冇理由連呢啲是非不分㗎嘛都會係囉
213,so2ji5zyu2jiu3dou1hai6ne1leoi6jing4ge3je5wui5ling6dou3keoi5dei6nau1lo1,所以主要都係呢類型嘅野會令到佢地嬲囉
214,hung2bou3aa4,恐怖呀
216,ngo5lam2aa4ze1hai6ho2nang4keoi5dei6cing4fat6dak1keoi5dei6bei2gaau3jim4laa1ngo5lam2zau6,我諗呀啫係可能佢地懲罰得佢地比較嚴啦我諗就
217,loi4loi4heoi3heoi3kei4sat6cing4fat6ge3dei6fong1dou1hai6caau1hau6kwai1aa3waak6ze2caau1me1dou1mou5mat1dak6bit6ge3,來來去去其實懲罰嘅地方都係抄校規呀或者抄咩都冇乜特別嘅
218,zyu2ji4gaa1bei2gaau3jim4ho2nang4jau5go3bei2gaau3dak6bit6ge3zou6faat3zau6hai6keoi5dei6zung1ji3waan4laap6sai6lo1,主而家比較嚴可能有個比較特別啲嘅做法就係佢地鐘意玩立誓囉
220,hai6gaa3hoi1hok6cin4go3sou3hok6lou5si1tung4ngo5dei6gong2waa6ngo5dei6ji4gaa1tung4nei5laap6sai6,係㗎開學前個數學老師同我地講話我地而家同你立誓
221,wing5bat1caau1gung1fo3laa1,永不抄功課啦
222,go2di1me1gung1fo3wui5zi6gei2zou6laa1goi2zing3wui5goi2cai4laa1,嗰啲咩功課會自己做啦改正會改齊啦
223,gaau1gung1fo3wui5gaau1cai4laa1ne1di1hai6laa1,交功課會交齊啦呢啲係啦
224,gan1zyu6keoi5waa6jyu4gwo2nei5daa2po3zo2ngo5dei6ge3sai6jin4ge3waa6ne1zau6jau5ne1leoi6jing4ge3cing4fat6laa1,跟住佢話如果你打破咗我地嘅誓言嘅話呢就有呢類型嘅懲罰啦
225,gam2lai6jyu4fan1kap1zai3gam2joeng6go2di1gam2joeng6lai4zou6cing4fat6gaa3lo1,咁例如分級制咁樣嗰啲咁樣嚟做懲罰㗎囉
226,hai6lo1ne1go3so2ji5m4syun3hung2bou3ge3bat1gwo3dak6bit6lo1ngo5zing6hai6gok3dak1,係囉呢個所以唔算恐怖嘅不過特別囉我淨係覺得
227,hai6aa3hai6aa3,係呀係呀
228,hok6saang1deoi3lou5si1zeoi3bat1ging3,學生對老師最不敬
229,jing1goi1dou1hai6ji5ji4gaa1lai4gong2ne1ho2nang4lou5go2pai1hoi1ci2teoi3jan2laa1gam2san1go2pai1lai4ne1zau6ho2nang4san1go2pai1m4gau3wai1jim4so2ji5zau6ling6dou3di1hok6saang1ji4gaa1mou5zo2ne1go3zyun1si1bat1fan1lo1keoi5dei6,應該都係以而家嚟講呢可能老嗰批開始退隱啦咁新嗰批嚟呢就可能新嗰批唔夠威嚴所以就令到啲學生而家冇咗呢個尊師不分囉佢地
230,keoi5dei6deoi3lou5si1ji5cin4ngo5dei6wui5giu3sing3gan1zyu6zi1hau6giu3me1lou5si1ho2nang4lei5lou5si1aa3can4lou5si1aa3zoeng1lou5si1zi1leoi6,佢地對老師以前我地會叫姓跟住之後叫咩老師可能李老師呀陳老師呀張老師之類
231,daan6hai6ji4gaa1hai6zik6zip3ho2nang4giu3keoi5cyun4meng2gaa3lo1kwaa1zoeng1dou3,但係而家係直接可能叫佢全名㗎囉誇張到
232,waak6ze2hai6jing1man4meng2lo1,或者係英文名囉
233,gam2ngo5zau6ngo5deoi3ne1di1ngo5zau6m4hai6hou2gaa3lo1ngo5zau6m4hai6hou2zung1ji3gam2joeng6,咁我就我對呢啲我就唔係好㗎囉我就唔係好鐘意咁樣
234,ze1hai6ci2zung1jan4dei6hai6daai6gwo3nei5ci2zung1jan4dei6tung4maai4nei5mei6jau5ne1go3zi1gaak3lo1ngo5jing6wai4nei5mei6jau5ne1go3zi1gaak3ho2ji5tung4keoi5ping4hei2ping4zo6lo1,啫係始終人地係大過你始終人地同埋你未有呢個資格囉我認為你未有呢個資格可以同佢平起平坐囉
235,so2ji5ne1joeng6je5jau6gei2jim4zung6aa3ngo5gok3dak1,所以呢樣野又幾嚴重呀我覺得
236,gwan1zi2bat1laap6ngai4coeng4zi1haa6ngo5do1sou3zau6jing1goi1m4wui5mou5si6mou5gon3zi6gei2ming4ming4mou5zou6zau6mou5lei5jau4wui5dak6dang1heoi3bong1keoi5sau2ge3,君子不立危場之下我多數就應該唔會冇事冇幹自己明明冇做就冇理由會特登去幫佢手嘅
237,tung4maai4pang4jau5ne1joeng6je5ngo5jing6wai4jyu4gwo3nei5jiu3zou6keoi5jat1go3zi1sam1hou2jau5ge3waa6nei5mou5lei5jau4hai6heoi3zung3jung4keoi5ne1di1ge3ok3zaap6nei5jing1goi1hai6faan2ji4bei2go3gei1wui6keoi5goi2gwo3lo1,同埋朋友呢樣野我認為如果你要做佢一個知心好友嘅話你冇理由係去縱容佢呢啲嘅惡習你應該係反而俾個機會佢改過囉
238,ze1hai6jyu4gwo3keoi5m4hang2goi2ge3keoi5jiu3tyut3zyut6dyut6me1ne1go3kyut3dyun3jiu3tung4nei5heoi3zyut6gaau1ge3zi1leoi6gam2mai6zyut6gaau1lo1,啫係如果佢唔肯改嘅佢要脫絕奪咩呢個決斷要同你去絕交嘅之類咁咪絕交囉
239,jan1wai6mou5gai3gaa3nei5gei3jin4nei5m4tung4ngo5hai6ji5ging1hai6ne1go3seoi2fo2bat1jung4ge3gam2joeng6ngo5tung4nei5ge3ne1go3fong1hoeng3lei5nim6hai6m4tung4ge3gam2mou5bit1jiu3koeng5kau4gaa3hai6mai6,因為冇計㗎你既然你唔同我係已經係呢個水火不容嘅咁樣我同你嘅呢個方向理念係唔同嘅咁冇必要強求㗎係咪
240,jau5ge3,有嘅
241,jau5di1zung1man4ze1hai6hou2ci5ji4gaa1san1ngo5dei6jau5jat1pai1san1ge3lou5si1lai4zo2,有啲中文啫係好似而家新我地有一批新嘅老師嚟咗
242,keoi5dei6san1ge3gam2jau5jat1go3san1ge3zau6gaau3ngo5dei6zung1man4ge3,佢地新嘅咁有一個新嘅就教我地中文嘅
243,ngo5gok3dak1keoi5gaau3dak1hai6bei2gaau3hou2tung4mai4keoi5hou2jung6sam1lo1keoi5mui5ci3keoi5hou2zoek6gan2ngo5dei6zi6gei2ge3sing4zik1,我覺得佢教得係比較好同埋佢好用心囉佢每次佢好着緊我地自己嘅成積
244,bei2hei2kei4taa1gau6go2pai1lai4gong2ne1gau6go2pai1ho2nang4ging1jim6hou2gwo3keoi5daan6hai6keoi5zau6bei2gaau3hang2fu6ceot1lo1,比起其他舊嗰批嚟講呢舊嗰批可能經驗好過佢但係佢就比較肯付出囉
245,keoi5ho2nang4ceoi4zo2zi6gei2hok6haau6kwai1ding6ge3gung1zok3zi2zi1ngoi6keoi5wui5zi6gei2ngaak6ngoi6zing2jat1di1ngaak6ngoi6ge3gung1zok3zi2aa3waak6ze2hai6jat1di1zi1liu6aa3heoi3fu6zo6ngo5dei6gang3gaa1heoi3liu5gaai2gang3gaa1heoi3jung4ji6ling6ngo5dei6heoi3tai4gou1zi6gei2ge3sing4zik1lo1,佢可能除咗自己學校規定嘅工作紙之外佢會自己額外整一啲額外嘅工作紙呀或者係一啲資料呀去輔助我地更加去了解更加去容易令我地去提高自己嘅成積囉
246,ngo5gok3dak1hai2ji4gaa1lai4gong2jat1di1nin4hing1ge3lou5si1ho2ji5zou6dou3ne1go3dei6bou6ngo5gok3dak1hai6hou2naan4dak1gaa3lo1,我覺得喺而家嚟講一啲年輕嘅老師可以做到呢個地步我覺得係好難得㗎囉
247,gei1bun2soeng6cyun4bou6dou1gei3dak1ge3hai6aa3,基本上全部都記得嘅係呀
248,kei4sat6ngo5zau6m4hai6hou2cing1co2ge3,其實我就唔係好清楚嘅
249,ze1hai6hou2ci5teng1gwo3hou2ci5m4zi1bin1go3bui3do1fan1keoi5dei6ji5cin4waa6keoi5dei6faat3keoi5dei6hou2ci5waa6faat3mung6ge3si4hau6keoi5dei6faat3dou3dat6jin4zi1gaan1jau5ling4gam2ge3si4hau6keoi5dei6wui5daai3zyu6ngaan5geng3geng1zi6gei2tai2m4dou3aa1maa3,啫係好似聽過好似唔知邊個貝多芬佢地以前話佢地發佢地好似話發夢嘅時候佢地發到突然之間有靈感嘅時候佢地會帶住眼鏡驚自己睇唔到呀嘛
250,gam2kei4sat6ngo5jau5siu2siu2tung4keoi5jat1joeng6ge3gam2gok3ge3,咁其實我有少少同佢一樣嘅感覺嘅
251,ze1hai6ngo5faat3mung6go2jan1wai6ci2zung1ngo5zi6gei2jau5gan6si6laa1ngo5m4zi1dim2gaai2faat3mung6ge3si4hau6mong6ge3je5ne1hai6wui5saau2wai4mung4di1ge3,啫係我發夢嗰因為始終我自己有近視啦我唔知點解發夢嘅時候望嘅野呢係會稍為濛啲嘅
252,so2ji5ngo5dou1m4hai6hou2cing1co2,所以我都唔係好清楚
253,bat1gwo3sai3go3go2zan6si4zau6ji5hak1baak6wai4zyu2ge3,不過細個嗰陣時就以黑白為主嘅
254,ji4gaa1zau6ho2nang4hai6ji5zi6gei2san1bin1ge3waan4ging2wai4zyu2lo1jau5ngaan4sik1gaa3lo1,而家就可能係以自己身邊嘅環境為主囉有顏色㗎囉
255,daan6hai6zau6ho2nang4nei5wui5gam2gok3soeng6keoi5dei6dim2gaai2ling4se3go3waan4ging2wui5fut3zo2aa3waak6ze2hai6sau1zaak3zo2zi1leoi6lo1,但係就可能你會感覺上佢地點解零舍個環境會闊咗呀或者係收窄咗之類囉
256,jau6hou2ci5ho2nang4hai6mai4gung1lo1dim2gaai2haang4lai4haang4heoi3dou1hai6haang4hai2tung4jat1go3dei6dim2aa3gam2joeng6go2di1,又好似可能係迷宮囉點解行嚟行去都係行喺同一個地點呀咁樣嗰啲
257,jau5gaa3jau5hou2do1si4dou1jau5gaa3,有㗎有好多時都有㗎
258,lai6jyu4ho2nang4ji5cin4sai3go3ne1zau6hou2do1siu2pang4jau5dou1zung1ji3laam5zyu6di1je5fan3ge3ho2nang4gung1zai2aa3waak6ze2ngo5zau6ho2nang4hai6mou4gan1aa3zau6ne1di1hai6ling6dou3zi6gei2on1sam1di1ge3fan3dak1,例如可能以前細個呢就好多小朋友都鐘意攬住啲野瞓嘅可能公仔呀或者我就可能係毛巾呀就呢啲係令到自己安心啲嘅瞓得
259,gam2ngo5zau6faat3jin6ne1mui5ci3ne1ngo5jyu4gwo2zing2dit3zo2tiu4mou4gan1ge3waa6ne1ze1hai6ngo5dai6ji6ziu1hei2san1faat3jin6zing2dit3zo2tiu4mou4gan1ne1go2jat1maan5ne1faat3ge3mung6ne1zau6jat1ding6wui5hai2zi6gei2wong4bou3keoi1ne1zau1wai4wan2go2tiu4mou4gan1lo1zau6hai6hai2,咁我就發現呢每次呢我如果整跌咗條毛巾嘅話呢啫係我第二朝起身發現整跌咗條毛巾呢嗰一晚呢發嘅夢呢就一定會喺自己黃埔區呢周圍搵嗰條毛巾囉就係喺
260,hai6aa3ngo5lin4siu2baa1dou1soeng5maai4laa3wan2gwo3ngo5gei3dak1jau5kwaa1zoeng1dou3jau5di1jan3zoeng6,係呀我連小巴都上埋啦搵過我記得有誇張到有啲印象
261,hai6laa1,係啦
262,tung4maai4jau5di1kei4jau5zan6si4jau5zan6si4faat3di1mung6ne1hai6m4zi1dim2gaai2wui5jau5siu2siu2tung4ting1jat6faat3saang1ge3si6jau5siu2siu2lin4hai6dou3gaa3lo1ngo5gok3dak1zau6,同埋有啲奇有陣時有陣時發啲夢呢係唔知點解會有少少同聽日發生嘅事有少少連繫到㗎囉我覺得就
263,ze1hai6ho2nang4go2jat6faat3ge3mung6ho2nang4hai6ok3mung6aa3faat3jin6dou3ho2nang4jau5siu2siu2jat1di1m4gat1lei6ge3si6,啫係可能嗰日發嘅夢可能係惡夢呀發現到可能有少少一啲唔吉利嘅事
264,ho2nang4lai6jyu4jau5go3tung4hok6keoi5kwaa1zoeng1dou3keoi5tyun5goek3ling6dou3fan3ji1jyun2aa3waak6ze2zi1leoi6co5leon4ji2zi1hau6jau5di1je5hai6ling6dou3keoi5dei6hai6dyun6zyut6zo2jat1di1keoi5dei6ge3jyun6di1mung6soeng2aa3waak6ze2hai6hei1mong6aa3zi1leoi6go2di1ne1,可能例如有個同學佢誇張到佢斷腳令到瞓醫院呀或者之類坐輪椅之後有啲野係令到佢地係斷絕咗一啲佢地嘅願啲夢想呀或者係希望呀之類嗰啲呢
265,ting1dai6ji6jat6ne1zau6jat1ding6mou5gam2kwaa1zoeng1ge3daan6ho2nang4keoi5dei6zau6waa6keoi5dei6ho2nang4zi1cin4go2jat6ne1zau6caai2daan1ce1jin4zi1hau6zau6caat3soeng1zo2caat3lat1zo2fat1pei4hai2go2go3sat1tau4go1gam2joeng6go2di1lo1,聽第二日呢就一定冇咁誇張嘅但可能佢地就話佢地可能之前嗰日呢就踩單車然之後就擦傷咗擦甩咗忽皮喺嗰個膝頭哥咁樣嗰啲囉
266,hai6lo1jau5zan6si4hai6wui5gam2gaa3,係囉有陣時係會咁㗎
267,jau5siu2siu2lo1bat1gwo3kwaa1zoeng1zo2lo1wui5hai6,有少少囉不過誇張咗囉會係
